time,dangjin_floating,dangjin_warehouse,dangjin,ulsan
2021-02-01 01:00:00,5.489431719218958,-6.355146093346291,6.788302605403493,0.5599239647101388
2021-02-01 02:00:00,5.489431719218958,-6.308962531827285,6.788302605403493,1.082226897441945
2021-02-01 03:00:00,5.299708002689167,-5.7238025891553415,6.743321602840218,1.5828569864266253
2021-02-01 04:00:00,5.299708002689167,-5.651444379976373,6.743321602840218,1.4760773146473127
2021-02-01 05:00:00,5.299708002689167,-5.651444379976373,6.743321602840218,1.849113536823649
2021-02-01 06:00:00,5.299708002689167,-5.151028990457755,6.743321602840218,1.842326984392927
2021-02-01 07:00:00,4.830437666874247,-7.764152745690338,6.743321602840218,4.05084180357242
2021-02-01 08:00:00,14.639622096591953,4.915292941002456,17.50956193291613,12.442518078232682
2021-02-01 09:00:00,57.13853578529543,30.648495576008823,58.27247043579078,23.764758113032986
2021-02-01 10:00:00,86.76295318749884,44.64808455062804,85.95802715208887,34.713740460295185
2021-02-01 11:00:00,132.48182069652614,32.25005691667948,117.19907311509644,68.84348976034826
2021-02-01 12:00:00,182.52391379944632,54.367811684397054,183.1506600778345,79.77537731955526
2021-02-01 13:00:00,243.26461731901853,87.85767094687822,279.48210281389237,107.8093270742539
2021-02-01 14:00:00,278.8760934434478,193.07630927135503,341.31411805207324,154.6675535086854
2021-02-01 15:00:00,295.94329305867103,210.67921125316164,362.61825889470515,131.95768416252085
2021-02-01 16:00:00,223.08770087575726,167.10843220413057,286.15921647297023,103.97486869875364
2021-02-01 17:00:00,117.78456641619417,85.34180056021606,169.99387691471205,51.881393818743234
2021-02-01 18:00:00,48.391357269623796,24.823776326409124,33.71871667027844,27.89465132256223
2021-02-01 19:00:00,12.96599475231827,-1.185761653702013,10.10200611874462,5.074798974704385
2021-02-01 20:00:00,9.317701423436064,3.731036454517288,9.619290206219198,0.870896792684715
2021-02-01 21:00:00,9.111369911899375,3.9273105474309165,11.134954439976328,1.0125447678918293
2021-02-01 22:00:00,9.111369911899375,-0.19825915162443727,11.134954439976328,2.6169541350901504
2021-02-01 23:00:00,9.111369911899375,-0.7138641768001585,11.134954439976328,2.1692447021662695
2021-02-01 24:00:00,6.659507415646825,-4.041129068226872,10.569344206217982,16.14180550175182
2021-02-02 01:00:00,6.659507415646825,-4.041129068226872,10.569344206217982,17.595915328226884
2021-02-02 02:00:00,6.659507415646825,-4.041129068226872,10.569344206217982,17.05970854766812
2021-02-02 03:00:00,6.659507415646825,-1.8569383269969038,10.569344206217982,17.5191162323838
2021-02-02 04:00:00,7.135182770252774,-1.8628741902173225,10.53595930785569,4.127065422645769
2021-02-02 05:00:00,7.135182770252774,-1.8628741902173225,10.53595930785569,3.8546833428549174
2021-02-02 06:00:00,7.135182770252774,0.37565622865507625,10.53595930785569,3.8557650463744437
2021-02-02 07:00:00,8.284930513741882,1.8594260778865066,13.34185474715737,6.581068253304788
2021-02-02 08:00:00,10.958429215099729,9.407758314464948,14.053182095126342,24.242135931194333
2021-02-02 09:00:00,67.61989640826492,49.409600992551276,101.9987091041765,69.8669644637497
2021-02-02 10:00:00,213.5705892843545,145.71688045723124,287.1302114864393,185.53286619121377
2021-02-02 11:00:00,408.8981940927144,274.91570261351944,492.56791730544563,276.3270627826883
2021-02-02 12:00:00,532.7057809134672,329.7551589883358,600.7929552952176,325.9038593835577
2021-02-02 13:00:00,517.8565470053616,374.02430467809813,595.5865917300214,337.7760782519972
2021-02-02 14:00:00,454.62263666553457,350.05054261111985,552.134679533763,328.27639409269
2021-02-02 15:00:00,399.41158869641686,300.69857645788727,473.4757664386918,285.49533660302313
2021-02-02 16:00:00,252.09799800529277,227.77874305505134,321.8652651109348,210.34430707598327
2021-02-02 17:00:00,124.77845067835877,134.53351749767037,195.48343511787652,97.56367489107754
2021-02-02 18:00:00,57.17535641021286,43.953851114565076,71.12421503471235,25.85331467998492
2021-02-02 19:00:00,13.235343481705195,4.388152817217997,17.07216328641854,5.270894805614471
2021-02-02 20:00:00,9.111369911899375,1.6911725551501118,11.134954439976328,3.3525256145477735
2021-02-02 21:00:00,9.317701423436064,1.6820313664169704,9.619290206219198,3.1289268852491023
2021-02-02 22:00:00,9.386072582672595,1.1771129727323417,10.522100198130135,2.692139134323001
2021-02-02 23:00:00,9.111369911899375,1.3759418379662536,10.522100198130135,2.2382986685386888
2021-02-02 24:00:00,6.659507415646825,2.9078567699145657,10.569344206217982,1.9137756124231888
2021-02-03 01:00:00,6.659507415646825,3.125027699543286,10.569344206217982,1.827895139563541
2021-02-03 02:00:00,6.659507415646825,3.141868780330126,10.569344206217982,1.827895139563541
2021-02-03 03:00:00,6.659507415646825,1.588122940037524,10.569344206217982,0.41626756293723105
2021-02-03 04:00:00,6.659507415646825,0.3694718931774674,10.569344206217982,2.109220014094896
2021-02-03 05:00:00,6.659507415646825,0.42163160355239226,10.569344206217982,2.109220014094896
2021-02-03 06:00:00,6.659507415646825,1.0622430217121375,10.569344206217982,2.572007819872588
2021-02-03 07:00:00,6.415070323185525,-2.3041461106519447,10.53595930785569,5.856615060163748
2021-02-03 08:00:00,8.101550105488856,-5.938684524201721,8.967759147685442,22.184173871265713
2021-02-03 09:00:00,64.76278470448948,30.868786134661605,89.9577828751017,67.68819474721252
2021-02-03 10:00:00,186.1844349205129,118.21880690899702,267.8419396229841,183.3311119741471
2021-02-03 11:00:00,313.89423378052516,207.04378714154552,401.2925267090064,281.4780440804026
2021-02-03 12:00:00,376.5408008789535,312.3529796854574,487.55763317766156,329.68806759437064
2021-02-03 13:00:00,376.19132983811147,317.0541156033061,481.9522201977133,339.6881683133451
2021-02-03 14:00:00,378.5361242726265,316.09978257506407,477.6307951699979,328.65378132892477
2021-02-03 15:00:00,349.44850070148703,253.16485198954814,415.1785792256151,283.1356799372246
2021-02-03 16:00:00,176.8769627171613,163.54666060792928,244.953047620871,200.3515301894478
2021-02-03 17:00:00,72.61919351264854,86.15837489996339,142.79361988743034,95.36730047565555
2021-02-03 18:00:00,45.89341918705368,30.57190075890426,46.647419246737144,19.361595747485268
2021-02-03 19:00:00,11.240844002656566,-2.116788304737584,6.91182046241091,3.527956644254136
2021-02-03 20:00:00,4.47101103643976,-2.3785012594078565,4.758216910798087,1.0538752514014302
2021-02-03 21:00:00,4.850700680612048,-2.4559824655633946,5.103429529344867,0.9824932040400294
2021-02-03 22:00:00,5.29993175442145,-3.0487686708006816,5.638497487278551,1.4742530921201749
2021-02-03 23:00:00,5.110208037891661,-2.6436755184807836,5.5983566029811715,2.274560954692304
2021-02-03 24:00:00,5.299708002689167,-1.9874889191193994,6.49818029739716,1.8718564122597927
2021-02-04 01:00:00,5.489431719218958,-1.3287654033549607,6.538321181694545,2.3403510808253847
2021-02-04 02:00:00,5.742115723139532,-1.2453002335919603,6.2796768392247015,3.401453509123437
2021-02-04 03:00:00,6.8907448652474725,-0.060359000942192265,7.459450356405234,3.5946768336442885
2021-02-04 04:00:00,7.053327229629467,1.2033485776739135,9.062532022012759,3.039308767614573
2021-02-04 05:00:00,6.729471519598459,1.6175081134845484,10.620763716359866,2.5405248250974624
2021-02-04 06:00:00,6.659507415646825,2.234066440481584,10.569344206217982,1.720197182949344
2021-02-04 07:00:00,7.474110590631826,1.9311698736967589,10.53595930785569,4.462409827548322
2021-02-04 08:00:00,9.160590372935156,4.953367219260332,8.967759147685442,21.439076254346695
2021-02-04 09:00:00,65.28327514300486,34.89982556801686,93.03021517812509,65.77832236271398
2021-02-04 10:00:00,236.9749266624816,161.8191559712325,296.4646621405739,181.89839798078563
2021-02-04 11:00:00,407.79960522201424,285.2375745160627,492.56791730544563,280.1729444664209
2021-02-04 12:00:00,525.4301899574593,342.8528269259432,603.9897618729491,327.76627905233323
2021-02-04 13:00:00,525.5697009805122,362.79679293181636,618.3567303206322,339.3230183093421
2021-02-04 14:00:00,524.9528211632785,361.4652944080354,618.3567303206322,332.1490437904364
2021-02-04 15:00:00,517.1547419966806,315.2321211383135,577.0416595011689,288.3357402392158
2021-02-04 16:00:00,350.80528042479244,246.38024944157343,471.49252805241616,206.08986200231797
2021-02-04 17:00:00,148.7071745666629,143.31844220146746,280.354140551043,93.3999264075524
2021-02-04 18:00:00,58.80298488849244,34.491450758431746,67.22366369116402,23.387480532673294
2021-02-04 19:00:00,12.317606668111441,2.429164534013918,11.724965391941423,4.264349342210788
2021-02-04 20:00:00,9.052577508153302,2.0646259552967856,8.177649039680059,2.217106606954296
2021-02-04 21:00:00,7.608430238305085,-0.08310319994799292,5.519227616554156,2.688845290216082
2021-02-04 22:00:00,6.930281388871877,-0.44446776823037365,5.519227616554156,2.8678755941012724
2021-02-04 23:00:00,6.623447617728612,-1.1607930524178012,5.4135425512917745,2.5470898283766723
2021-02-04 24:00:00,6.354231045106612,0.06594285296432875,7.1700360302573865,2.2642020744231064
2021-02-05 01:00:00,5.742115723139532,-0.6375351179984922,6.2796768392247015,2.4508254975421213
2021-02-05 02:00:00,5.3694974143214935,-0.7636187497232069,6.2087698907276545,2.4508254975421213
2021-02-05 03:00:00,5.489431719218958,-1.263297022150974,6.538321181694545,2.4508254975421213
2021-02-05 04:00:00,5.489431719218958,-1.1703265069056505,6.538321181694545,2.4508254975421213
2021-02-05 05:00:00,5.489431719218958,-1.1703265069056505,6.538321181694545,2.702777967114364
2021-02-05 06:00:00,5.299708002689167,-0.8582038698310753,6.49818029739716,2.702777967114364
2021-02-05 07:00:00,5.82567985604503,-3.64634756853693,6.538321181694545,5.102256273318137
2021-02-05 08:00:00,16.40033561770315,9.303417374969516,23.20198381764692,21.45503681362545
2021-02-05 09:00:00,85.19885446964098,42.66882712737871,111.57623292802062,63.13413089385029
2021-02-05 10:00:00,212.1612082688183,117.12552614455934,246.82159439147654,178.20736307216222
2021-02-05 11:00:00,272.5216016026917,178.84046475188785,307.65481305228565,260.45602008003135
2021-02-05 12:00:00,315.3346893186858,207.1835976701165,341.2948249649402,258.53421582499743
2021-02-05 13:00:00,319.09198328511604,218.42446755981717,335.3052082123746,246.30697033116024
2021-02-05 14:00:00,310.40155364034996,217.96275661418667,335.3052082123746,225.39571893205434
2021-02-05 15:00:00,299.3675676491917,188.00996503421405,324.60654034734773,196.86035339839432
2021-02-05 16:00:00,177.18361373360477,139.89671238123086,190.00316172775567,138.50294783739642
2021-02-05 17:00:00,83.56962828916389,52.17103698618794,84.80321148022898,53.995158768754585
2021-02-05 18:00:00,32.30809212581854,7.736602187493425,22.425656467396006,32.6751859739976
2021-02-05 19:00:00,12.008651001039688,-2.7965734260995982,6.068848248189633,14.99460883599741
2021-02-05 20:00:00,5.29993175442145,-2.705971145754776,5.638497487278551,14.287460770797578
2021-02-05 21:00:00,5.110208037891661,-2.393848508680201,5.5983566029811715,14.287460770797578
2021-02-05 22:00:00,5.110208037891661,-2.393848508680201,5.5983566029811715,13.536866517234731
2021-02-05 23:00:00,5.110208037891661,-2.393848508680201,5.5983566029811715,1.565583554120168
2021-02-05 24:00:00,5.299708002689167,-2.5877483275244124,6.49818029739716,1.2784337816915776
2021-02-06 01:00:00,5.299708002689167,-2.489504772323779,6.49818029739716,2.322745840583009
2021-02-06 02:00:00,5.299708002689167,-2.489504772323779,6.49818029739716,0.7763007742714713
2021-02-06 03:00:00,5.299708002689167,-1.8411102283632765,6.49818029739716,1.5740384246975048
2021-02-06 04:00:00,5.299708002689167,-1.8411102283632765,6.49818029739716,1.6625491620599027
2021-02-06 05:00:00,5.299708002689167,-1.8411102283632765,6.49818029739716,1.6475024981494868
2021-02-06 06:00:00,5.299708002689167,-1.8506180824235074,6.49818029739716,2.093412551276967
2021-02-06 07:00:00,6.97100721108089,-1.8106932552687052,6.49818029739716,3.7238867151820263
2021-02-06 08:00:00,33.17904788506251,17.162341446937717,32.98199561513096,14.758676463360212
2021-02-06 09:00:00,94.71572367257397,51.05533287889135,108.39491627884954,54.13014829245333
2021-02-06 10:00:00,218.84696993979685,124.97799392274067,258.4571532480389,156.8635597883633
2021-02-06 11:00:00,349.6461866180021,205.5277919542867,435.1079457055068,247.33696755577915
2021-02-06 12:00:00,471.05376425058915,283.08640373758215,548.0823685281154,322.61802111512907
2021-02-06 13:00:00,490.9080670237732,341.6495145630535,580.5721791710821,334.3939578989442
2021-02-06 14:00:00,493.21281935603395,351.94419439605986,584.6844927780277,331.3278728743824
2021-02-06 15:00:00,483.16646851235066,338.06002526839177,579.7374764926061,287.11091691676273
2021-02-06 16:00:00,350.3066468874789,238.35036568640513,424.6002142511606,215.00023691706474
2021-02-06 17:00:00,167.27363428175758,93.44464565841986,183.4640304356361,109.02444909336445
2021-02-06 18:00:00,41.088860374983206,13.034727111803843,31.071435060208756,28.275519507313756
2021-02-06 19:00:00,14.95308095743017,-2.6255881792414737,8.507338385938164,3.7204045733241706
2021-02-06 20:00:00,5.3753319531744195,-2.6233273799422014,7.285139074963368,1.5813853052928908
2021-02-06 21:00:00,5.3753319531744195,-3.0809079393184193,7.285139074963368,1.8474974813057663
2021-02-06 22:00:00,5.3753319531744195,-2.830373696097417,7.285139074963368,1.6823594203458996
2021-02-06 23:00:00,5.3753319531744195,-2.8666473999830986,7.039997769520308,1.8922468405536608
2021-02-06 24:00:00,5.299708002689167,-2.0206867419464927,6.49818029739716,2.693219125938434
2021-02-07 01:00:00,5.299708002689167,-2.0206867419464927,6.49818029739716,2.0825925915577344
2021-02-07 02:00:00,5.299708002689167,-1.8569009000369785,6.49818029739716,1.8727051713499734
2021-02-07 03:00:00,5.299708002689167,-1.8569009000369785,6.49818029739716,2.019604133387129
2021-02-07 04:00:00,5.299708002689167,-1.6650811749096646,6.49818029739716,1.5755702097343267
2021-02-07 05:00:00,5.299708002689167,-1.6650811749096646,6.49818029739716,1.5687836573036047
2021-02-07 06:00:00,5.299708002689167,-1.614474031335026,6.49818029739716,1.5687836573036047
2021-02-07 07:00:00,5.82567985604503,-1.183807714055562,6.538321181694545,4.750812637125059
2021-02-07 08:00:00,16.50896665965755,19.007637945511327,23.065700297165623,14.759299780638653
2021-02-07 09:00:00,76.02618166269542,33.92428955552513,112.65804382024524,66.91615979215165
2021-02-07 10:00:00,242.10300567196109,161.97918389389795,282.99567443273185,172.1511832737771
2021-02-07 11:00:00,369.8170568314536,254.60346840753883,446.8808391672358,241.5532684171003
2021-02-07 12:00:00,511.7564007004706,351.61302390395633,582.0308008146266,320.9746365203007
2021-02-07 13:00:00,547.9599092491814,404.6580964840849,644.1792339356647,337.19428467374075
2021-02-07 14:00:00,545.5235372887508,414.2492018179207,650.2067354686532,338.0254742435323
2021-02-07 15:00:00,533.888867085433,369.04291001795355,620.7764521394129,297.2009964781141
2021-02-07 16:00:00,400.8929657097455,310.8215117250517,531.8648867024896,225.71591398328317
2021-02-07 17:00:00,195.39012525200593,202.87874921507722,321.64118654715435,111.39417771631572
2021-02-07 18:00:00,74.81865338917373,65.3356451287867,96.26122171804401,27.69560914559937
2021-02-07 19:00:00,29.275546391221255,16.499245705073232,32.13496537048198,6.184831921112131
2021-02-07 20:00:00,21.528652962977823,14.301477141399596,29.842114583486243,3.3022049264739675
2021-02-07 21:00:00,9.941166982347008,2.915035185777609,19.59822751460131,3.1498395503501593
2021-02-07 22:00:00,9.941166982347008,2.915035185777609,19.59822751460131,1.896164454768445
2021-02-07 23:00:00,9.941166982347008,0.9278913924302477,19.59822751460131,1.684820944697706
2021-02-07 24:00:00,8.06161379253718,-0.9671681481350438,14.255606493015636,17.708685144371316
2021-02-08 01:00:00,8.06161379253718,-0.9671681481350438,14.255606493015636,17.35534846910924
2021-02-08 02:00:00,8.06161379253718,-0.9671681481350438,14.255606493015636,14.985607882554419
2021-02-08 03:00:00,8.06161379253718,2.0770455255966978,14.255606493015636,14.383307637500113
2021-02-08 04:00:00,20.726814224448823,12.801814199122628,21.43703610700546,4.225642855467253
2021-02-08 05:00:00,20.726814224448823,11.589491033650269,21.43703610700546,4.232187208904644
2021-02-08 06:00:00,20.726814224448823,11.589491033650269,21.43703610700546,2.542779887293241
2021-02-08 07:00:00,36.33780909303358,20.05165917858989,32.78594649349324,3.708486194870023
2021-02-08 08:00:00,40.20286935980468,27.2976499538231,34.012320717744196,17.452969619648645
2021-02-08 09:00:00,101.03001569977116,68.04746111246031,122.57733606910529,64.70221760735926
2021-02-08 10:00:00,233.80684580852036,161.2740251339847,299.14413608949985,191.1893867790105
2021-02-08 11:00:00,425.76696416464983,285.142989857456,507.9291393235558,283.55477774794196
2021-02-08 12:00:00,528.9192748713585,344.66429372538596,618.6748292334001,323.8652493349635
2021-02-08 13:00:00,535.6816984748309,376.1038346681516,634.5994737189767,340.85375219254416
2021-02-08 14:00:00,536.1806349186328,386.4377905974085,642.0246255580207,332.3093090234911
2021-02-08 15:00:00,538.0630364762677,351.75463506197667,628.86356317585,291.52142254863867
2021-02-08 16:00:00,399.2591550458246,295.72938266603296,532.4312407924205,219.14215768402676
2021-02-08 17:00:00,185.35349847805898,192.3872476146745,320.07870698672895,108.31184305602294
2021-02-08 18:00:00,71.30795009375544,59.508369048332675,94.05033688890207,31.402400758352123
2021-02-08 19:00:00,27.20783265689717,11.750064111685992,30.30081352240902,8.772951936498501
2021-02-08 20:00:00,21.358999819560463,12.18100874745319,26.32352301918966,6.210789781725339
2021-02-08 21:00:00,9.941166982347008,-0.20217227574841787,19.59822751460131,2.1158620923951683
2021-02-08 22:00:00,9.941166982347008,-0.20217227574841787,19.59822751460131,2.388670978410611
2021-02-08 23:00:00,9.941166982347008,-0.20217227574841787,19.59822751460131,2.7102255420298724
2021-02-08 24:00:00,8.06161379253718,0.5537350382649605,14.255606493015636,2.616792225014529
2021-02-09 01:00:00,8.06161379253718,0.4482175942572905,14.255606493015636,2.176343592778093
2021-02-09 02:00:00,7.946002693362829,0.4482175942572905,13.34185474715737,2.176343592778093
2021-02-09 03:00:00,7.135182770252774,-1.3156718777517091,10.53595930785569,2.176343592778093
2021-02-09 04:00:00,7.135182770252774,-1.3156718777517091,10.53595930785569,2.8891743048053806
2021-02-09 05:00:00,7.135182770252774,-1.3156718777517091,10.53595930785569,2.535837629543311
2021-02-09 06:00:00,7.135182770252774,-1.3156718777517091,10.53595930785569,2.535837629543311
2021-02-09 07:00:00,8.230542146132352,-5.022511398655301,13.34185474715737,4.833670390996627
2021-02-09 08:00:00,10.904040847490199,-3.8125388883133726,14.053182095126342,23.256521121595036
2021-02-09 09:00:00,67.31681231873367,26.049469119159625,101.9987091041765,66.958545684264
2021-02-09 10:00:00,206.5917419545013,133.09707106924,290.9595349438552,193.85998333302672
2021-02-09 11:00:00,425.636523344411,278.4559718250831,526.0508184069761,286.12333893858766
2021-02-09 12:00:00,528.6647941151874,347.32007615010224,628.5470933980332,328.4175086636591
2021-02-09 13:00:00,535.9351549466431,377.47239060056995,645.3559373321855,339.3313807731786
2021-02-09 14:00:00,528.6831417548511,360.1687128549418,629.3569623581897,333.3220132229674
2021-02-09 15:00:00,485.4015926269888,320.1795329045103,549.7983631098178,290.8080347907639
2021-02-09 16:00:00,331.38604542031095,243.1274037087017,444.2083535449471,209.95945507909644
2021-02-09 17:00:00,146.53131104825266,134.26630342767564,268.1507314495559,97.61248555078747
2021-02-09 18:00:00,50.497949480668396,33.29495070152523,37.76715577527618,25.3900067865166
2021-02-09 19:00:00,16.62076837204409,-1.514519190951604,9.782241149305118,4.8051768758567155
2021-02-09 20:00:00,5.026422604974233,-2.26073152951241,5.932611105394651,2.5513465234825734
2021-02-09 21:00:00,5.29993175442145,-2.76040980194019,5.638497487278551,2.1717657063015494
2021-02-09 22:00:00,5.29993175442145,-2.751598189182827,5.638497487278551,2.15751402117811
2021-02-09 23:00:00,5.29993175442145,-2.751598189182827,5.638497487278551,2.270021828080691
2021-02-09 24:00:00,5.489431719218958,-1.863722916999632,6.538321181694545,3.159921867896493
2021-02-10 01:00:00,5.489431719218958,-1.770752401754308,6.538321181694545,4.084898450877934
2021-02-10 02:00:00,5.489431719218958,-1.770752401754308,6.538321181694545,2.992991950456259
2021-02-10 03:00:00,5.299708002689167,-1.458629764679734,6.49818029739716,2.9513562576276287
2021-02-10 04:00:00,5.299708002689167,-1.458629764679734,6.49818029739716,2.8802825295451138
2021-02-10 05:00:00,5.299708002689167,-1.458629764679734,6.49818029739716,3.138858168333963
2021-02-10 06:00:00,5.299708002689167,-1.458629764679734,6.49818029739716,3.467838577146376
2021-02-10 07:00:00,4.8210279562082565,-2.537256135255886,6.538321181694545,5.770497702283553
2021-02-10 08:00:00,15.933873249858022,12.678978498183614,23.561834971517825,21.515167232963698
2021-02-10 09:00:00,66.69348807908204,33.83946785843799,77.41717952503117,60.857856105324366
2021-02-10 10:00:00,116.49521215801782,77.47745776339119,133.74429132888537,178.24910961364895
2021-02-10 11:00:00,266.1995932363087,161.1616981376781,300.0487742275663,268.83718802988466
2021-02-10 12:00:00,355.6507632441295,236.45529870260617,416.00807174786405,316.124314605303
2021-02-10 13:00:00,345.05086804610926,249.00638679637683,401.06287011883614,329.46641858565374
2021-02-10 14:00:00,336.5637826012785,246.3314424073434,385.30171838381455,339.84633661716583
2021-02-10 15:00:00,321.2142534145665,222.47872356428078,344.13357460544165,297.864183432724
2021-02-10 16:00:00,264.73078874943684,183.2002189662682,347.5141289100685,202.52331468486014
2021-02-10 17:00:00,183.44418736458326,100.74852510481749,190.79294954266862,95.94771062201814
2021-02-10 18:00:00,43.195452586027805,20.833775422719313,35.566740906165705,23.1174134273416
2021-02-10 19:00:00,17.14003120387,-1.8289529876367354,10.297605166257584,4.101472017397023
2021-02-10 20:00:00,5.3753319531744195,-1.9832229431523765,7.039997769520308,1.7988007760766689
2021-02-10 21:00:00,5.3753319531744195,-2.167464704813056,7.039997769520308,2.1373423185208535
2021-02-10 22:00:00,5.3753319531744195,-2.721992802334263,7.039997769520308,3.311591037758097
2021-02-10 23:00:00,5.3753319531744195,-2.721992802334263,7.039997769520308,3.0024972978603834
2021-02-10 24:00:00,5.299708002689167,-1.0254571104725452,6.49818029739716,3.0683996668328883
2021-02-11 01:00:00,5.299708002689167,-1.0254571104725452,6.49818029739716,2.890477165292211
2021-02-11 02:00:00,5.299708002689167,-1.0254571104725452,6.49818029739716,3.3524046814150172
2021-02-11 03:00:00,5.299708002689167,-1.0254571104725452,6.49818029739716,2.3367814606246164
2021-02-11 04:00:00,5.299708002689167,-1.0715563988697325,6.49818029739716,2.3367814606246164
2021-02-11 05:00:00,5.299708002689167,-1.0715563988697325,6.49818029739716,2.3367814606246164
2021-02-11 06:00:00,5.299708002689167,-1.0715563988697325,6.49818029739716,2.3367814606246164
2021-02-11 07:00:00,4.29624007977779,-1.9608160276195963,6.49818029739716,4.682798642234494
2021-02-11 08:00:00,14.62500051045283,11.942190916888075,19.868904413346485,19.96141462357274
2021-02-11 09:00:00,60.546588457448436,38.83987017971513,70.88599291704128,59.97966076502191
2021-02-11 10:00:00,142.0682585181014,89.49561998937587,156.44528109318907,161.8459073678821
2021-02-11 11:00:00,180.4578748354985,120.18244043377365,220.36374651903134,235.66813966586406
2021-02-11 12:00:00,224.64473423910155,154.10560322644127,243.2518906744724,312.29717957430523
2021-02-11 13:00:00,342.27086389597395,238.29486687669788,381.5817856274653,311.49988322192985
2021-02-11 14:00:00,464.88766393821965,286.39445398473487,512.7517050632919,304.76076931911564
2021-02-11 15:00:00,485.19556636641545,283.43550986005636,556.1773930883401,269.1437156135548
2021-02-11 16:00:00,363.5812180458127,246.17487581050526,453.1072952683873,192.28579151049652
2021-02-11 17:00:00,167.142897777499,154.72565370765926,264.8994766733474,95.14833186144568
2021-02-11 18:00:00,43.57168473575005,30.963825576213093,37.677055636549646,22.29789345072925
2021-02-11 19:00:00,17.14003120387,1.7587217630726484,11.004390734814615,3.0627467755677977
2021-02-11 20:00:00,5.3753319531744195,0.08363752585314496,7.039997769520308,1.708300835561435
2021-02-11 21:00:00,5.3753319531744195,-0.100604235807534,7.039997769520308,1.9750776601373026
2021-02-11 22:00:00,5.3753319531744195,-0.6236600650031249,7.039997769520308,1.5240382240877575
2021-02-11 23:00:00,5.110208037891661,-1.3560249524206607,5.5983566029811715,1.5240382240877575
2021-02-11 24:00:00,5.299708002689167,-0.5468942086923135,6.49818029739716,1.63077535700075
2021-02-12 01:00:00,5.299708002689167,-0.5468942086923135,6.49818029739716,1.899319899466844
2021-02-12 02:00:00,5.299708002689167,-0.5468942086923135,6.49818029739716,1.933825066378782
2021-02-12 03:00:00,5.299708002689167,-0.5468942086923135,6.49818029739716,2.155784541556353
2021-02-12 04:00:00,5.299708002689167,-0.9979861851943498,6.49818029739716,1.7989925702460492
2021-02-12 05:00:00,5.299708002689167,-0.9979861851943498,6.49818029739716,1.8030259775345596
2021-02-12 06:00:00,5.299708002689167,-1.0715563988697325,6.49818029739716,1.9952542503292552
2021-02-12 07:00:00,4.479332207127457,-1.0022383713093994,6.49818029739716,4.031294247503612
2021-02-12 08:00:00,15.511064580639367,14.421842661074086,23.52169408722044,13.825414651140921
2021-02-12 09:00:00,74.48634075222404,47.1260079083857,94.04937541230271,46.76764766547653
2021-02-12 10:00:00,174.68616311575016,103.20965305049393,215.83050972960774,125.6158124596941
2021-02-12 11:00:00,381.88439911631286,228.14150763525896,443.6665632945854,218.8039891680345
2021-02-12 12:00:00,470.7875643572792,284.511677988363,530.6856035357861,268.1427089177797
2021-02-12 13:00:00,502.39254962807894,311.6271698466116,569.4407243942057,275.76475162344707
2021-02-12 14:00:00,505.4643611017817,323.93562084115496,584.4310461196218,278.34221037987044
2021-02-12 15:00:00,498.2100256724888,326.3733318929442,578.586950541501,244.7806738725184
2021-02-12 16:00:00,367.34384824185383,261.4804451882096,483.9898107502902,171.53010244673186
2021-02-12 17:00:00,164.2136873159044,152.82924181215972,269.0700105543351,72.1020509191048
2021-02-12 18:00:00,43.57168473575005,29.916729977264627,37.677055636549646,24.515864686092925
2021-02-12 19:00:00,17.14003120387,0.3655977757864076,11.004390734814615,2.5758275352153537
2021-02-12 20:00:00,5.565055669704209,-0.23425712089251816,7.080138653817688,0.5745519816312129
2021-02-12 21:00:00,5.3753319531744195,0.08363752585314496,7.039997769520308,0.9106062588065938
2021-02-12 22:00:00,5.565055669704209,-1.3060690379382291,7.080138653817688,1.4162848575078686
2021-02-12 23:00:00,5.29993175442145,-1.9978688707294816,5.638497487278551,1.7381115889121632
2021-02-12 24:00:00,5.489431719218958,-1.2753219720020856,6.538321181694545,1.8932219822136431
2021-02-13 01:00:00,5.489431719218958,-1.2547082927766793,6.538321181694545,1.8988786047472865
2021-02-13 02:00:00,5.489431719218958,-1.2793816343019309,6.538321181694545,1.8155312045704777
2021-02-13 03:00:00,5.489431719218958,-0.8135997366541001,6.538321181694545,1.8282272937643875
2021-02-13 04:00:00,5.489431719218958,-0.8135997366541001,6.538321181694545,1.8553086273097255
2021-02-13 05:00:00,5.489431719218958,-0.8282896577998943,6.538321181694545,1.7115931739615355
2021-02-13 06:00:00,5.489431719218958,-0.8282896577998943,6.538321181694545,2.1575032270890158
2021-02-13 07:00:00,5.82567985604503,-0.8959829396837247,6.538321181694545,4.897935180509037
2021-02-13 08:00:00,22.549610070241414,15.0823161606944,24.40895583706266,20.62442356637934
2021-02-13 09:00:00,96.59085317509914,52.158087076598406,117.22370694114525,71.92129817425308
2021-02-13 10:00:00,268.8017227613498,149.42390582327258,282.8288910737865,194.0885409920994
2021-02-13 11:00:00,383.05504151004686,233.93962202365796,424.0034943425886,298.5082509133098
2021-02-13 12:00:00,484.9475363857121,294.762704595441,545.0617856787205,333.1933256846002
2021-02-13 13:00:00,486.0414800584686,316.6849180517035,546.1475991575023,337.56763816963127
2021-02-13 14:00:00,518.9835214401273,330.13512283303027,605.3715223219469,333.3910695390972
2021-02-13 15:00:00,532.2021951352159,339.02947425001014,603.5919603408809,290.78773846408154
2021-02-13 16:00:00,377.3324183442105,281.80612339843253,510.91139192165576,214.83959326497214
2021-02-13 17:00:00,194.3223110922814,164.34139968871813,298.9924407740447,106.92627649854907
2021-02-13 18:00:00,51.323412704200045,42.056692765760346,43.267086168304246,36.33812649963729
2021-02-13 19:00:00,17.106569975211396,2.9842735703980336,11.186500139216502,9.60461150496816
2021-02-13 20:00:00,5.291546520256991,0.45354364268697533,6.750587362850792,1.5057903781812962
2021-02-13 21:00:00,5.565055669704209,-0.046134629740803734,7.080138653817688,1.483878620608551
2021-02-13 22:00:00,5.565055669704209,-0.8502834653334328,7.080138653817688,1.5169034274115436
2021-02-13 23:00:00,5.29993175442145,-1.5363112884535963,5.638497487278551,1.405685525940396
2021-02-13 24:00:00,5.489431719218958,-0.7259864402994155,6.538321181694545,3.215366778432371
2021-02-14 01:00:00,5.489431719218958,-0.7259864402994155,6.538321181694545,2.769456725304892
2021-02-14 02:00:00,5.489431719218958,-0.7259864402994155,6.538321181694545,1.8243741214844464
2021-02-14 03:00:00,5.489431719218958,-0.7259864402994155,6.538321181694545,1.2204782482894379
2021-02-14 04:00:00,5.489431719218958,-0.6330159250540918,6.538321181694545,-0.6480342596402479
2021-02-14 05:00:00,5.489431719218958,-0.6330159250540918,6.538321181694545,-0.6894832467525801
2021-02-14 06:00:00,5.299708002689167,-0.320893287979517,6.49818029739716,-0.6962697991833017
2021-02-14 07:00:00,5.32027107294988,-2.194427232618329,6.538321181694545,1.3717482191866663
2021-02-14 08:00:00,18.21239421317598,10.938106263951415,19.90904529764387,11.454606879272381
2021-02-14 09:00:00,61.51314643900363,37.99953187555051,61.30001633829606,24.605073644077414
2021-02-14 10:00:00,157.59570042412236,92.40447515907293,158.86057150577096,75.50655801088205
2021-02-14 11:00:00,256.03207194271084,172.62471636694363,250.55548455834773,148.5632943158829
2021-02-14 12:00:00,341.1623868034566,255.67657272304757,390.54068592597616,201.62560978372824
2021-02-14 13:00:00,361.2169616551656,294.46026043405124,425.8605707481137,210.5832898226905
2021-02-14 14:00:00,365.479511501238,289.42684662328094,436.11232330769803,203.41014014370572
2021-02-14 15:00:00,320.60217236099913,243.88913577691704,380.6852225539445,175.16238784756456
2021-02-14 16:00:00,232.33417333082357,169.66794254833056,274.68028780177144,121.83918044125078
2021-02-14 17:00:00,130.15167998878238,117.17400001024151,191.33664775303893,41.57388274447338
2021-02-14 18:00:00,56.42828265303976,37.15974177354863,63.7173022737215,16.806735227847422
2021-02-14 19:00:00,13.443288466203082,1.6001916118770492,10.877431013027444,0.6665712437783952
2021-02-14 20:00:00,7.257267970318044,-0.4212396394908241,7.700507488281054,2.01495984295786
2021-02-14 21:00:00,5.583213381673798,-1.0937468879613685,5.799928342435968,0.7023231127780267
2021-02-14 22:00:00,4.736134951722518,-0.7873330166237551,6.199858077337214,1.0017658579763264
2021-02-14 23:00:00,4.740087066566331,-0.6836397136383211,6.194320908011508,0.899948720243005
2021-02-14 24:00:00,5.271227796461151,-0.7393626575751187,6.042186507342312,2.572632806790424
2021-02-15 01:00:00,5.489431719218958,-1.4107266033226025,6.538321181694545,1.255398277819971
2021-02-15 02:00:00,5.489431719218958,-1.364543041803597,6.538321181694545,1.255398277819971
2021-02-15 03:00:00,5.299708002689167,-1.156508501380345,6.49818029739716,1.4863534390204451
2021-02-15 04:00:00,5.299708002689167,-1.156508501380345,6.49818029739716,1.7548979814865397
2021-02-15 05:00:00,5.299708002689167,-1.156508501380345,6.49818029739716,1.7548979814865397
2021-02-15 06:00:00,5.299708002689167,-1.348328226507659,6.49818029739716,2.1647166077351483
2021-02-15 07:00:00,4.273549862496086,-2.836540306133423,6.49818029739716,5.045036919748836
2021-02-15 08:00:00,14.747672261210663,8.4560699002691,16.84736612306065,21.376624011302475
2021-02-15 09:00:00,62.79148560574173,22.741477107584124,63.59420841055415,91.27076459547744
2021-02-15 10:00:00,102.93397859867979,64.20134627644633,114.73154691951987,170.7852258115143
2021-02-15 11:00:00,224.33486641988182,177.01952344888872,265.27653004677217,216.57677399095144
2021-02-15 12:00:00,318.9060402809442,241.2517465545526,374.9334942881518,262.79851263991014
2021-02-15 13:00:00,403.0601520061876,291.54503774019787,461.72805794757096,267.8364197989793
2021-02-15 14:00:00,478.6205052129489,343.53865223874425,557.2628676191325,254.67628831478268
2021-02-15 15:00:00,537.1458833136146,349.45205818352974,602.1440801247213,183.503952538427
2021-02-15 16:00:00,393.46469010167704,289.68411391964264,529.3231243277098,177.93691694798434
2021-02-15 17:00:00,175.19295007525733,185.88016247055,316.56338064132444,94.23289958394612
2021-02-15 18:00:00,72.59036160510377,61.121687960341774,97.41620786101784,27.641739239406395
2021-02-15 19:00:00,27.664780944713875,13.745245571528802,31.486560101765424,6.573978168699752
2021-02-15 20:00:00,21.815948107377167,13.186734692485977,29.19370931476967,4.069179985248128
2021-02-15 21:00:00,10.398115270163702,1.8325588058202913,20.78397409395772,4.4232454191580866
2021-02-15 22:00:00,10.398115270163702,2.4064640060363156,20.78397409395772,3.6283217235836194
2021-02-15 23:00:00,10.398115270163702,2.4064640060363156,20.78397409395772,3.866107060070933
2021-02-15 24:00:00,8.06161379253718,0.403795764849214,14.255606493015636,3.265686621018955
2021-02-16 01:00:00,8.06161379253718,0.403795764849214,14.255606493015636,3.2675627504936324
2021-02-16 02:00:00,8.06161379253718,0.403795764849214,14.255606493015636,3.2675627504936324
2021-02-16 03:00:00,8.06161379253718,0.9855194856991333,14.255606493015636,3.2675627504936324
2021-02-16 04:00:00,8.06161379253718,0.509046213377489,14.255606493015636,3.2675627504936324
2021-02-16 05:00:00,7.946002693362829,0.509046213377489,13.34185474715737,3.081438259853806
2021-02-16 06:00:00,7.135182770252774,-1.2548432586315106,10.53595930785569,3.081438259853806
2021-02-16 07:00:00,7.6010043464098445,-0.36675823531984164,13.34185474715737,6.585896166376293
2021-02-16 08:00:00,10.319805936412884,1.4888613249621487,14.080665456596575,28.37240379442005
2021-02-16 09:00:00,65.59187519918584,32.33457665121852,95.21191946998756,72.0887275161423
2021-02-16 10:00:00,190.71207479309743,133.49528169283147,238.7482709209242,188.04801267158226
2021-02-16 11:00:00,223.51136906386756,158.4770061138446,277.08618043725784,281.94323931182504
2021-02-16 12:00:00,250.35017790488126,187.34518066390584,289.31791593518307,330.13212511268364
2021-02-16 13:00:00,256.3952298828841,215.09001672641932,292.32196312274147,341.76141365713096
2021-02-16 14:00:00,240.08605887591997,205.80416090957263,292.32196312274147,331.40099277694827
2021-02-16 15:00:00,241.51346525503416,179.3829524644198,273.223645535307,286.40315227602423
2021-02-16 16:00:00,198.4138058152827,192.1174256346958,268.33079087995617,191.5342847366315
2021-02-16 17:00:00,104.96682416989007,125.9899809559875,173.13983564188405,74.73057194297137
2021-02-16 18:00:00,68.96170418314144,64.80607381562554,80.02963493206003,38.01335119675319
2021-02-16 19:00:00,25.735080833247423,30.90791400350604,26.76533191063178,4.893029406793024
2021-02-16 20:00:00,21.358999819560463,23.018927111093547,26.32352301918966,3.461609192353255
2021-02-16 21:00:00,21.358999819560463,11.70181309420703,26.32352301918966,3.7863120555914906
2021-02-16 22:00:00,21.358999819560463,12.98848435230577,26.32352301918966,3.6191087839077816
2021-02-16 23:00:00,21.358999819560463,13.048237293290866,26.32352301918966,3.9486727348034365
2021-02-16 24:00:00,20.726814224448823,9.346522969755338,22.78451113796384,4.182873280399371
2021-02-17 01:00:00,20.726814224448823,10.211572337897218,22.78451113796384,4.790991701903443
2021-02-17 02:00:00,20.726814224448823,10.211572337897218,22.78451113796384,4.525153975549984
2021-02-17 03:00:00,8.06161379253718,-0.38680722270770157,14.255606493015636,3.7794495087266506
2021-02-17 04:00:00,8.06161379253718,-0.38680722270770157,14.255606493015636,3.7794495087266506
2021-02-17 05:00:00,8.06161379253718,-0.38680722270770157,14.255606493015636,3.7794495087266506
2021-02-17 06:00:00,8.06161379253718,-1.251856590849585,14.255606493015636,3.657775126735852
2021-02-17 07:00:00,7.918332383198067,-2.366835783633593,14.255606493015636,6.682502874392458
2021-02-17 08:00:00,10.48596830647037,-2.6015797869757367,8.515351198000515,28.57709147173065
2021-02-17 09:00:00,64.75080557822834,27.829710825466645,86.18899761580167,74.43919358430239
2021-02-17 10:00:00,193.86587416271004,130.92250377090653,247.6962241999638,184.02618950118116
2021-02-17 11:00:00,284.8159717842942,199.96778053190155,364.11272149337344,274.42768174727206
2021-02-17 12:00:00,326.8323513102957,245.10110393573234,423.2010896270377,303.0344145651262
2021-02-17 13:00:00,329.7514091074,260.98839198152456,427.28824123406207,338.94085848815325
2021-02-17 14:00:00,328.52689325973375,257.4678610689625,427.28824123406207,331.2649279535692
2021-02-17 15:00:00,326.8180351690029,232.8400941145796,395.6486667889631,294.4532974480527
2021-02-17 16:00:00,248.3700511186555,208.8704706044494,324.19058343301975,221.13667603726645
2021-02-17 17:00:00,138.93579637955227,133.15699023051735,201.30521900811047,109.55723825693514
2021-02-17 18:00:00,70.15565191829432,53.870442068926835,82.89982122764006,29.901294779383267
2021-02-17 19:00:00,25.12691219796304,11.88334543337993,28.14400968088625,7.275999636639264
2021-02-17 20:00:00,21.815948107377167,12.055270509368043,27.702200789444124,4.599471771617308
2021-02-17 21:00:00,9.941166982347008,0.7010946227023654,18.106718989275773,3.684972746425807
2021-02-17 22:00:00,9.941166982347008,0.8906859645277171,18.106718989275773,3.921341010662743
2021-02-17 23:00:00,9.941166982347008,0.8906859645277171,18.106718989275773,3.7682241379566315
2021-02-17 24:00:00,8.06161379253718,-1.2824651718877198,14.255606493015636,2.9365577046469222
2021-02-18 01:00:00,8.06161379253718,-0.38680722270770157,14.255606493015636,2.9365577046469222
2021-02-18 02:00:00,8.06161379253718,-0.38680722270770157,14.255606493015636,2.9365577046469222
2021-02-18 03:00:00,8.06161379253718,-0.38680722270770157,14.255606493015636,2.934681575172245
2021-02-18 04:00:00,8.06161379253718,-0.38680722270770157,14.255606493015636,3.035724155783828
2021-02-18 05:00:00,8.06161379253718,-0.38680722270770157,14.255606493015636,2.8457275930004653
2021-02-18 06:00:00,8.06161379253718,-0.38680722270770157,14.255606493015636,2.972737188059181
2021-02-18 07:00:00,8.297218045023289,-0.9204022207409333,14.255606493015636,6.252830108084362
2021-02-18 08:00:00,10.90040853585198,1.937943918656087,14.080665456596575,24.62117262894796
2021-02-18 09:00:00,68.33576893283926,34.81555066939406,99.35115923373385,74.42583116584458
2021-02-18 10:00:00,197.53680811766253,131.1381924785873,274.5427279403451,191.39342125041563
2021-02-18 11:00:00,323.3883524026221,231.20715211946123,411.2091132274791,280.2357218765286
2021-02-18 12:00:00,395.6817397055635,311.7281753702211,513.4345442950702,332.69349848036205
2021-02-18 13:00:00,446.3718199852849,349.2183648373848,563.7219137267394,341.255097546808
2021-02-18 14:00:00,509.60573032511184,374.0433079170295,610.8839567318842,330.9357386540719
2021-02-18 15:00:00,526.6276561985428,346.2839992396635,611.2750845242481,290.1893774698672
2021-02-18 16:00:00,393.45510357528343,299.6837924005122,523.8226205078292,207.13537760584904
2021-02-18 17:00:00,174.70940544773802,195.4485541312955,316.56338064132444,99.68688251665692
2021-02-18 18:00:00,61.17252876789019,57.99336483449667,89.0064726402059,28.610121260582677
2021-02-18 19:00:00,16.246948107500433,9.294541519198305,23.07682488095348,6.980719012960389
2021-02-18 20:00:00,9.993107890924103,8.428374734500366,18.39473431227433,3.5597849506721944
2021-02-18 21:00:00,9.924379391119286,5.670167388855664,14.993334601488671,3.9126486284027986
2021-02-18 22:00:00,9.924379391119286,5.719445248123384,14.993334601488671,3.968142989098961
2021-02-18 23:00:00,9.111369911899375,1.188007862613192,10.522100198130135,3.6567272173944345
2021-02-18 24:00:00,7.053327229629467,0.293821797394357,9.062532022012759,3.4720896402633152
2021-02-19 01:00:00,7.053327229629467,0.13966241780189576,9.062532022012759,3.093326799654465
2021-02-19 02:00:00,6.7196448674956475,0.7918661494545747,7.459450356405234,3.0648567856254467
2021-02-19 03:00:00,6.354231045106612,0.4150020913760034,7.1700360302573865,3.0648567856254467
2021-02-19 04:00:00,5.742115723139532,-0.2884758795868177,6.2796768392247015,3.0648567856254467
2021-02-19 05:00:00,5.3694974143214935,-0.36239980093660756,6.2087698907276545,3.0648567856254467
2021-02-19 06:00:00,5.489431719218958,-0.8620780733643745,6.538321181694545,3.0648567856254467
2021-02-19 07:00:00,5.607475933287231,-1.3923200454192968,6.042186507342312,7.009201358581768
2021-02-19 08:00:00,8.911267332705284,4.897324587083113,7.94712319779356,28.131873104613458
2021-02-19 09:00:00,80.76371952793335,52.75263395840406,105.71096505436607,71.1854649858079
2021-02-19 10:00:00,241.96486104581516,164.30690010593526,283.75802950983734,188.32446581166545
2021-02-19 11:00:00,394.83597704498663,250.39488485344614,440.5047745760124,290.8103878946218
2021-02-19 12:00:00,540.0860679441795,325.3508226758859,585.3970652070452,336.3516509346394
2021-02-19 13:00:00,524.4822612627526,340.65994183070075,595.1435428398846,347.06056876610364
2021-02-19 14:00:00,520.9687336211433,337.73757210371974,585.21882905583,333.5469421913878
2021-02-19 15:00:00,493.9572554154613,296.4160588516852,553.3206890586807,281.3127741433343
2021-02-19 16:00:00,366.3621230873867,236.88242035091267,425.1513403847629,200.72647707435826
2021-02-19 17:00:00,162.43839664804548,135.81704664862124,264.2588764041422,101.9379063333815
2021-02-19 18:00:00,42.528843334787915,24.07656188293901,29.718715918881763,27.553243288917777
2021-02-19 19:00:00,14.513058519131919,-1.038803051558652,8.286365738354004,4.524966004552641
2021-02-19 20:00:00,5.026422604974233,-1.249302676488301,5.932611105394651,3.4129098203141712
2021-02-19 21:00:00,5.29993175442145,-1.9097453896690406,6.38266523246333,3.6257948943535774
2021-02-19 22:00:00,5.29993175442145,-1.6657551634515473,6.6425840600611386,2.5488562105799755
2021-02-19 23:00:00,5.314628652035917,-1.0890622803672851,6.716362650007617,2.4733351332140687
2021-02-19 24:00:00,5.707906166996956,-3.1095079483514048,6.370636855957113,2.4986303709047477
2021-02-20 01:00:00,5.615192884999239,-0.3588124606250799,6.556270236796041,2.4986303709047477
2021-02-20 02:00:00,5.489431719218958,-0.9355053437093296,6.788302605403493,1.5063453251582053
2021-02-20 03:00:00,5.489431719218958,-0.9822922974356484,6.788302605403493,1.5063453251582053
2021-02-20 04:00:00,5.489431719218958,-1.0124061231919035,6.788302605403493,1.590606529966375
2021-02-20 05:00:00,5.489431719218958,-0.9421368170044905,6.783462487137606,1.4282108105796048
2021-02-20 06:00:00,5.299708002689167,-0.7041331114195118,6.49818029739716,0.5834354755418631
2021-02-20 07:00:00,7.160730927610673,-1.1120789953080497,6.538321181694545,2.7752944313355696
2021-02-20 08:00:00,32.72577364013786,22.966855372279287,32.7769951939853,23.589918069816804
2021-02-20 09:00:00,103.02354004967975,62.2276636609421,115.16336254838471,88.28740320534831
2021-02-20 10:00:00,290.57736581853305,184.46768539690322,327.3329615804486,188.58220777684392
2021-02-20 11:00:00,431.93189080606464,264.65728290391405,517.9915268728487,278.04517496828356
2021-02-20 12:00:00,556.379466813986,366.0242155425615,631.7518041816171,344.3065550499892
2021-02-20 13:00:00,579.8005742501457,436.81093198305695,681.498136844939,352.5277141868303
2021-02-20 14:00:00,581.3062215562855,426.035246716439,687.0647175680219,347.52065503831795
2021-02-20 15:00:00,559.6260146224819,337.1928040614646,634.4495758927891,300.65412924639145
2021-02-20 16:00:00,445.85463988289257,319.74385961810475,546.4571594574746,228.59443339987186
2021-02-20 17:00:00,225.00804740690216,204.36506093638602,367.57630376783555,120.3335776580638
2021-02-20 18:00:00,86.02752092491325,47.403848056585105,118.96828458594362,40.08597118140572
2021-02-20 19:00:00,17.425875756049628,1.3339538522566918,11.67941921994175,8.427228611414158
2021-02-20 20:00:00,5.717286380863761,-1.2086868185275739,5.318078260388518,3.940493159243962
2021-02-20 21:00:00,5.29993175442145,-1.6954562996509996,5.898416314876358,3.464900589631157
2021-02-20 22:00:00,5.29993175442145,-1.7255701254072553,5.898416314876358,3.4817155039567536
2021-02-20 23:00:00,5.29993175442145,-1.6749629818326168,5.88363879272161,3.353438797707621
2021-02-20 24:00:00,5.299708002689167,-0.09750124567731251,6.743321602840218,3.271603572577224
2021-02-21 01:00:00,5.299708002689167,-0.09750124567731251,6.743321602840218,3.931023092553846
2021-02-21 02:00:00,5.299708002689167,-0.09750124567731251,6.743321602840218,3.628160852114053
2021-02-21 03:00:00,5.299708002689167,-0.09750124567731251,6.743321602840218,3.887893405276191
2021-02-21 04:00:00,5.299708002689167,-0.09750124567731251,6.743321602840218,3.709970903735513
2021-02-21 05:00:00,5.299708002689167,-0.09750124567731251,6.743321602840218,3.568870996280538
2021-02-21 06:00:00,5.299708002689167,-0.09750124567731251,6.743321602840218,3.3943575901060856
2021-02-21 07:00:00,7.817291333406369,-0.2957122301319903,6.783462487137606,5.586216545899789
2021-02-21 08:00:00,33.70872905908464,20.511333439133573,33.17579140251181,32.31471015356312
2021-02-21 09:00:00,107.56417749813642,63.32660421213321,118.52461863959594,95.05426561617136
2021-02-21 10:00:00,260.0606739267053,147.50670714593048,291.5127264611945,195.8846397236019
2021-02-21 11:00:00,410.77972945636674,234.84782717734723,461.48519159542207,273.6662308390679
2021-02-21 12:00:00,504.8420489934742,283.28480046866235,556.1298228998662,332.061774183895
2021-02-21 13:00:00,510.9906020274918,300.33294104246085,566.5485288987007,338.0887604374058
2021-02-21 14:00:00,510.9906020274918,300.33294104246085,566.5485288987007,337.0258481663301
2021-02-21 15:00:00,504.4230727383263,282.5021111324422,551.0946721375931,292.4991015713167
2021-02-21 16:00:00,384.33447102924094,246.87027674340945,475.2666690062321,226.4167994977903
2021-02-21 17:00:00,205.6963050329245,155.45860133490697,337.9993680759567,127.97210553782874
2021-02-21 18:00:00,59.641871981745034,37.234668236070576,66.09845470479341,43.836071235757885
2021-02-21 19:00:00,16.504627046493834,0.300820517207915,10.347639668221223,6.716745800290102
2021-02-21 20:00:00,5.261874620079835,-0.537319666392498,6.61862457633638,3.4239483271125217
2021-02-21 21:00:00,5.29993175442145,-1.2231773512812394,5.898416314876358,3.496984396110433
2021-02-21 22:00:00,5.29993175442145,-1.2402631688081052,6.52208122395935,4.142707408206594
2021-02-21 23:00:00,5.29993175442145,-1.2402631688081052,6.6425840600611386,4.16400322013839
2021-02-21 24:00:00,5.489431719218958,-0.5121022520574429,6.788302605403493,3.9134931056978526
2021-02-22 01:00:00,5.489431719218958,-0.7128064698551564,6.788302605403493,4.375237606647617
2021-02-22 02:00:00,5.489431719218958,-0.7128064698551564,6.783462487137606,4.117747711562786
2021-02-22 03:00:00,5.299708002689167,-0.4989273879812163,6.743321602840218,4.1720279542933945
2021-02-22 04:00:00,5.299708002689167,-0.20987655715711726,6.743321602840218,3.644048376144393
2021-02-22 05:00:00,5.299708002689167,-0.20987655715711726,6.743321602840218,2.563434114486997
2021-02-22 06:00:00,5.299708002689167,-0.7822346329220782,6.49818029739716,2.593894289649841
2021-02-22 07:00:00,6.715711610636928,-0.01575693727888931,6.49818029739716,6.944675653198946
2021-02-22 08:00:00,32.07977607833272,21.771948004183685,32.736854309687914,31.493196531806763
2021-02-22 09:00:00,94.13606860380533,59.32548400588681,108.46180566162644,82.81730699764542
2021-02-22 10:00:00,177.91314606519296,104.59901479289245,209.94746345483898,177.2947291130536
2021-02-22 11:00:00,216.62431584516156,145.42517100475453,254.91590483034463,235.35076662692757
2021-02-22 12:00:00,255.24626965013317,194.60710842426207,268.68812962133586,301.49705859161526
2021-02-22 13:00:00,392.31233987906415,290.01517448545303,426.3731966444839,323.70577819113527
2021-02-22 14:00:00,478.4062305413924,359.3452293408813,574.3200759980856,317.38190457791336
2021-02-22 15:00:00,496.399935272331,317.81915132530867,542.5543525148832,285.24986733763797
2021-02-22 16:00:00,382.5472088155017,283.29657844051013,489.6383327268585,220.60496173948803
2021-02-22 17:00:00,203.5371349989779,203.4491739843626,301.8152170349421,123.04039609520086
2021-02-22 18:00:00,92.85607946924007,73.8599561499606,98.45631497540619,55.74783198368817
2021-02-22 19:00:00,31.209043974542134,24.223524078173018,35.00515166606199,14.282132926089046
2021-02-22 20:00:00,24.725096600202722,13.106889399700128,29.842114583486243,8.834847888548667
2021-02-22 21:00:00,24.725096600202722,17.144052463302188,29.842114583486243,9.815238892369093
2021-02-22 22:00:00,39.95565115466727,25.46926964029089,41.03536816625576,10.356653655940606
2021-02-22 23:00:00,36.75920751744236,22.35574766830353,41.03536816625576,8.117045269407141
2021-02-22 24:00:00,39.62461389104618,21.249212654361536,32.78594649349324,10.170981814719479
2021-02-23 01:00:00,39.62461389104618,21.249212654361536,32.78594649349324,9.170422402017312
2021-02-23 02:00:00,39.62461389104618,21.249212654361536,32.78594649349324,8.561729794347807
2021-02-23 03:00:00,39.62461389104618,19.190385855866566,32.78594649349324,8.121281162111373
2021-02-23 04:00:00,35.82235771689492,19.772777822303535,32.78594649349324,8.589448408829023
2021-02-23 05:00:00,35.82235771689492,19.772777822303535,32.78594649349324,8.39657252879331
2021-02-23 06:00:00,20.726814224448823,11.005437576542286,21.43703610700546,8.410805381521174
2021-02-23 07:00:00,36.33780909303358,19.46760572148192,32.78594649349324,11.956917775491112
2021-02-23 08:00:00,40.20286935980468,26.71359649671513,34.012320717744196,34.00934321844219
2021-02-23 09:00:00,101.03001569977116,63.94332545993186,122.57733606910529,83.75094973507517
2021-02-23 10:00:00,233.80684580852036,156.9484863933422,299.14413608949985,194.4403623853133
2021-02-23 11:00:00,425.76696416464983,270.38128994581496,507.9291393235558,284.7231778146198
2021-02-23 12:00:00,536.8592157673413,341.32126394618666,632.3944760157734,304.8989545287075
2021-02-23 13:00:00,544.733868631326,396.9420856240269,645.8302185028649,308.39166662176905
2021-02-23 14:00:00,483.4778501099835,377.9838255849647,598.893513793439,293.9218767215666
2021-02-23 15:00:00,437.5617409644152,338.1356678485795,539.9191291005706,240.20459347948622
2021-02-23 16:00:00,281.66294854744297,264.4309344957099,370.9078576768712,175.28427963196776
2021-02-23 17:00:00,155.49038879653045,174.03245689980955,221.44085814089723,75.75486895560607
2021-02-23 18:00:00,94.27879978383213,81.1771630449455,105.88132483639595,26.196866805268936
2021-02-23 19:00:00,50.501814025952875,41.87107322233034,55.881369997736336,5.142923518958688
2021-02-23 20:00:00,40.52680203059334,39.67051127633218,41.03536816625576,2.580885120567433
2021-02-23 21:00:00,40.52680203059334,39.67051127633218,41.03536816625576,2.4279031745736823
2021-02-23 22:00:00,36.589554374024985,36.829833970979976,41.03536816625576,2.6639153359743313
2021-02-23 23:00:00,36.589554374024985,35.14392993356528,38.091693115669194,3.4555811841725834
2021-02-23 24:00:00,20.726814224448823,12.249248337381804,21.43703610700546,4.165428697390379
2021-02-24 01:00:00,20.726814224448823,12.17266058011393,22.78451113796384,3.562893871302395
2021-02-24 02:00:00,20.726814224448823,12.27018177286677,22.78451113796384,2.8926439318220805
2021-02-24 03:00:00,20.726814224448823,11.862942152615446,20.866056869985645,2.992044716930038
2021-02-24 04:00:00,20.726814224448823,11.862942152615446,20.866056869985645,2.9528953490688203
2021-02-24 05:00:00,20.726814224448823,11.862942152615446,20.866056869985645,3.530690431037406
2021-02-24 06:00:00,20.726814224448823,11.862942152615446,20.866056869985645,3.530690431037406
2021-02-24 07:00:00,35.65404246546379,22.742386524397126,34.846498588082504,7.937768365761113
2021-02-24 08:00:00,39.56440562088008,25.240764085068783,36.07287281233347,27.874319111707536
2021-02-24 09:00:00,100.48778341167193,59.09482744959468,121.75904795656831,115.91202354209277
2021-02-24 10:00:00,213.54189518228773,137.80565190155608,295.93027153593164,157.4095926211253
2021-02-24 11:00:00,326.88006227081087,236.07624385693543,412.40194710939653,198.66421772330634
2021-02-24 12:00:00,384.80441501725466,331.6142230376365,485.76209272483095,131.62394776138413
2021-02-24 13:00:00,390.84039744196417,340.3028836885001,495.73406949274,136.21469375698163
2021-02-24 14:00:00,418.9228302491356,350.7351954689379,513.954746510893,131.092354017116
2021-02-24 15:00:00,434.9368752306039,345.7215140509798,534.8712982221823,129.18780167269642
2021-02-24 16:00:00,331.1873167161018,284.8428578731054,441.45188749035754,77.53888903495303
2021-02-24 17:00:00,184.68575803909906,182.94733697878,297.72201666302516,35.341814394473275
2021-02-24 18:00:00,61.96051709304639,51.60503535938978,86.07011978108797,17.734152686496934
2021-02-24 19:00:00,14.702867451634274,3.232636348570465,13.155564297069605,2.0577078899182055
2021-02-24 20:00:00,9.052577508153302,0.9000928767663499,8.177649039680059,2.2728809505715653
2021-02-24 21:00:00,7.608430238305085,1.2400408722579732,5.519227616554156,2.291706992124368
2021-02-24 22:00:00,6.623447617728612,-0.22772084563940326,5.4135425512917745,2.828740328183064
2021-02-24 23:00:00,4.47101103643976,-0.8871959830235887,4.758216910798087,2.8988741410642493
2021-02-24 24:00:00,5.271227796461151,0.2400645311531654,6.042186507342312,3.4022758349835196
2021-02-25 01:00:00,5.742115723139532,-0.2584664140060238,6.2796768392247015,2.7299135751198254
2021-02-25 02:00:00,5.959861295524361,0.08925443171839785,6.616023861312725,2.7170559195586628
2021-02-25 03:00:00,6.354231045106612,0.9032057306542385,7.1700360302573865,1.9252355908866494
2021-02-25 04:00:00,5.959861295524361,0.5474486054158378,6.616023861312725,1.9252355908866494
2021-02-25 05:00:00,5.742115723139532,0.19972775969141512,6.2796768392247015,1.9252355908866494
2021-02-25 06:00:00,5.271227796461151,0.13135231425977317,6.042186507342312,2.151687797622863
2021-02-25 07:00:00,5.92333160801611,-0.7476156851270135,6.2796768392247015,2.3537289523524048
2021-02-25 08:00:00,9.483442274740678,6.073571646631669,9.957389993112622,11.221844087455121
2021-02-25 09:00:00,64.8491122112293,39.128657895881,74.84849108265172,44.667133377912805
2021-02-25 10:00:00,172.77508310413012,110.3143219266232,163.79050606392207,76.49672362033039
2021-02-25 11:00:00,215.64776124213475,155.54684204812597,224.93504945364597,126.23980277496592
2021-02-25 12:00:00,236.65975614589993,154.4354043128023,224.28410512128252,210.66974100192405
2021-02-25 13:00:00,250.64697408356278,179.59578444573592,239.69598074754086,197.5335531010075
2021-02-25 14:00:00,294.3557858061262,208.87174495989262,314.58871491071193,199.75749575183522
2021-02-25 15:00:00,294.6060399079236,221.1549830841778,317.9724292202111,170.1619796207284
2021-02-25 16:00:00,229.90394711709394,173.5462832694083,267.3363660706678,102.81353037177271
2021-02-25 17:00:00,104.81509645478401,99.98379067875588,162.91911320016453,48.963610262573454
2021-02-25 18:00:00,48.50262207036536,35.03538633888994,42.64836015466218,21.967543297024097
2021-02-25 19:00:00,14.915667613927758,2.330866260688538,9.156629222779717,1.9880285024722988
2021-02-25 20:00:00,4.474963151283573,-0.005245691052442814,4.752679741472381,0.6710335527056109
2021-02-25 21:00:00,4.850700680612048,-0.3471846409463765,5.103429529344867,0.7869961193992553
2021-02-25 22:00:00,4.47101103643976,-0.07048356856489578,4.758216910798087,0.7869961193992553
2021-02-25 23:00:00,6.623447617728612,0.34667737790408043,5.4135425512917745,0.630307448954828
2021-02-25 24:00:00,6.8907448652474725,1.3918996574856313,7.459450356405234,0.5464079792669732
2021-02-26 01:00:00,6.7196448674956475,1.0798036860990894,7.459450356405234,0.5464079792669732
2021-02-26 02:00:00,6.721154436926755,1.0047616894074682,7.458052885396547,0.5464079792669732
2021-02-26 03:00:00,6.354231045106612,1.0725434511528862,7.1700360302573865,0.7747073291823199
2021-02-26 04:00:00,6.354231045106612,1.0026967009784133,7.1700360302573865,0.5464079792669732
2021-02-26 05:00:00,6.354231045106612,1.0026967009784133,7.1700360302573865,0.5464079792669732
2021-02-26 06:00:00,6.354231045106612,1.0026967009784133,7.1700360302573865,0.5464079792669732
2021-02-26 07:00:00,7.674527434758619,0.7060240763934372,7.459450356405234,-0.7737969258349909
2021-02-26 08:00:00,20.371303320262555,1.2899698652173601,12.874332917433435,7.176420099039158
2021-02-26 09:00:00,75.62995906918452,44.85385173396058,92.94787006781344,39.151022512861374
2021-02-26 10:00:00,300.32625649445026,184.856590723367,326.8607636493251,63.32375287001992
2021-02-26 11:00:00,454.82945486244483,275.88948355431216,499.7619674786753,105.89608267240074
2021-02-26 12:00:00,530.7214668811712,351.5720438323999,569.6452518025142,147.28779475934766
2021-02-26 13:00:00,542.8166709389006,352.5735099216189,601.2569941794522,156.59333523035684
2021-02-26 14:00:00,540.6526740761363,356.43366977012323,605.9800495732889,172.32231592283424
2021-02-26 15:00:00,534.6339170613076,324.2234872794433,589.2077239085232,172.86931070847263
2021-02-26 16:00:00,425.47244591552584,265.7054924877302,513.5233170294122,112.29555854880377
2021-02-26 17:00:00,240.5952472002453,178.3956655113547,377.28265585748113,48.76098960023355
2021-02-26 18:00:00,122.63628249237202,92.61530362425701,138.98330583812145,19.350063538694926
2021-02-26 19:00:00,43.16341810166397,36.79823631702657,35.50237396869593,5.260854304394155
2021-02-26 20:00:00,24.967983778252083,26.243033354838406,20.80704231784168,2.6061284965404674
2021-02-26 21:00:00,17.991195721259167,13.655514633888764,17.831479092890724,2.6061284965404674
2021-02-26 22:00:00,10.267153358736087,5.850271401526813,14.293977661204769,2.864472329023697
2021-02-26 23:00:00,9.120948667389833,1.037164025150122,9.256240150720817,2.864472329023697
2021-02-26 24:00:00,6.8907448652474725,1.4542713841012183,7.459450356405234,2.893930605036828
2021-02-27 01:00:00,6.721154436926755,1.382148638340591,7.458052885396547,2.6719711298592563
2021-02-27 02:00:00,5.959861295524361,0.7245694517152418,6.616023861312725,2.6719711298592563
2021-02-27 03:00:00,5.271227796461151,0.3084731605591766,6.042186507342312,2.4034265873931617
2021-02-27 04:00:00,5.3694974143214935,0.25076497426610506,6.2087698907276545,2.4034265873931617
2021-02-27 05:00:00,5.489431719218958,-0.20212634443534414,6.538321181694545,2.4034265873931617
2021-02-27 06:00:00,5.489431719218958,-0.29952044173630094,6.538321181694545,2.4034265873931617
2021-02-27 07:00:00,6.106719050028854,-0.4252371873071707,6.042186507342312,3.488677935052997
2021-02-27 08:00:00,20.80582350406778,4.4390428517137694,11.531248367329878,18.458381407326932
2021-02-27 09:00:00,96.27694060464053,53.4450693026377,116.90923048031843,61.832054514755114
2021-02-27 10:00:00,320.77928127320735,196.92311686262607,332.6398210155653,98.67337254725074
2021-02-27 11:00:00,433.70916362899794,275.84300084445914,486.78607883521704,128.00881440429862
2021-02-27 12:00:00,525.5143254286822,345.5761085909169,569.0966709474463,143.68280779080592
2021-02-27 13:00:00,542.2674206438484,352.0823280103989,603.1754484474304,146.8534915263786
2021-02-27 14:00:00,542.4391213487567,354.530151321769,610.8377269677003,139.5369358788733
2021-02-27 15:00:00,532.6891317545277,321.3261156378406,593.7356233233387,136.10307756837577
2021-02-27 16:00:00,427.5381111177411,260.6337238984215,516.7646077042524,114.09215962957653
2021-02-27 17:00:00,239.3498686623441,224.33804761438466,381.81055527229654,56.493925518677976
2021-02-27 18:00:00,116.07692887419174,81.53806138461408,136.82198604080446,19.231437654067413
2021-02-27 19:00:00,29.839770692477735,23.308712947499252,25.018347372815626,3.038152084128697
2021-02-27 20:00:00,17.592421031209227,11.869167417063315,16.003690210747827,1.09113126476141
2021-02-27 21:00:00,9.024412245802594,0.947447517218331,9.869094392567012,1.09113126476141
2021-02-27 22:00:00,9.120948667389833,-0.12239589464903369,9.256240150720817,1.0300536103265197
2021-02-27 23:00:00,9.052577508153302,1.8782978202725307,8.177649039680059,0.7866704725544104
2021-02-27 24:00:00,6.8907448652474725,2.8425518984645337,7.459450356405234,3.2707118890833
2021-02-28 01:00:00,6.721154436926755,2.888934762558559,7.458052885396547,3.2707118890833
2021-02-28 02:00:00,5.959861295524361,2.2313555759332093,6.616023861312725,3.278295347728093
2021-02-28 03:00:00,5.271227796461151,1.611322087493709,6.042186507342312,3.1175721091146857
2021-02-28 04:00:00,5.271227796461151,1.6994004803367342,6.042186507342312,2.97137657546913
2021-02-28 05:00:00,5.271227796461151,2.435158319157825,6.042186507342312,0.6978366139190078
2021-02-28 06:00:00,5.271227796461151,2.435158319157825,6.042186507342312,0.3646181190835264
2021-02-28 07:00:00,6.141077180400939,1.6467955701474812,6.616023861312725,3.4706580743343234
2021-02-28 08:00:00,20.189128416554347,7.396914828019479,11.39712040782023,15.429845192111518
2021-02-28 09:00:00,96.0143948191433,53.31319678312123,116.90923048031843,50.3361840784967
2021-02-28 10:00:00,307.809333180034,192.1825585503194,324.2982299153986,129.24456073777006
2021-02-28 11:00:00,443.7882894114026,265.0136341084355,493.23595697288624,173.76806768085862
2021-02-28 12:00:00,520.7132232945437,350.93933907983285,580.9938370183405,209.53503689759947
2021-02-28 13:00:00,538.0786040728285,328.6386461066715,557.5098644566096,217.90888332688908
2021-02-28 14:00:00,517.553127301937,337.08800780069544,583.9504785299864,220.07445689336
2021-02-28 15:00:00,458.13019585334274,326.04975855633444,518.9986217054591,182.4139506038049
2021-02-28 16:00:00,301.6212631684996,192.95298881636143,341.4239416289176,151.15653102504731
2021-02-28 17:00:00,154.79228919491754,167.309816573161,237.4916471882319,82.14531859340785
2021-02-28 18:00:00,71.07500067950261,47.59390682807359,99.19109844669578,47.91025614916065
2021-02-28 19:00:00,18.729694823609105,4.642604456620257,13.535052322162981,17.32778916168035
2021-02-28 20:00:00,11.949080390834235,3.4783908615973353,9.834358887804145,9.801444877709995
2021-02-28 21:00:00,8.007627152777808,2.2403697773177584,6.479018701045835,4.9587803140719275
2021-02-28 22:00:00,8.007627152777808,2.482683968232968,6.479018701045835,4.9587803140719275
2021-02-28 23:00:00,8.007627152777808,2.8528525053452647,6.479018701045835,4.9587803140719275
2021-02-28 24:00:00,3.2381986821245983,-0.17144976271618043,11.001754857625368,1.8239860947891111
2021-06-09 01:00:00,0.0,0.0,0.0,0.0
2021-06-09 02:00:00,0.0,0.0,0.0,0.0
2021-06-09 03:00:00,0.0,0.0,0.0,0.0
2021-06-09 04:00:00,0.0,0.0,0.0,0.0
2021-06-09 05:00:00,0.0,0.0,0.0,0.0
2021-06-09 06:00:00,0.0,0.0,0.0,0.0
2021-06-09 07:00:00,0.0,0.0,0.0,0.0
2021-06-09 08:00:00,0.0,0.0,0.0,0.0
2021-06-09 09:00:00,0.0,0.0,0.0,0.0
2021-06-09 10:00:00,0.0,0.0,0.0,0.0
2021-06-09 11:00:00,0.0,0.0,0.0,0.0
2021-06-09 12:00:00,0.0,0.0,0.0,0.0
2021-06-09 13:00:00,0.0,0.0,0.0,0.0
2021-06-09 14:00:00,0.0,0.0,0.0,0.0
2021-06-09 15:00:00,0.0,0.0,0.0,0.0
2021-06-09 16:00:00,0.0,0.0,0.0,0.0
2021-06-09 17:00:00,0.0,0.0,0.0,0.0
2021-06-09 18:00:00,0.0,0.0,0.0,0.0
2021-06-09 19:00:00,0.0,0.0,0.0,0.0
2021-06-09 20:00:00,0.0,0.0,0.0,0.0
2021-06-09 21:00:00,0.0,0.0,0.0,0.0
2021-06-09 22:00:00,0.0,0.0,0.0,0.0
2021-06-09 23:00:00,0.0,0.0,0.0,0.0
2021-06-09 24:00:00,0.0,0.0,0.0,0.0
2021-06-10 01:00:00,0.0,0.0,0.0,0.0
2021-06-10 02:00:00,0.0,0.0,0.0,0.0
2021-06-10 03:00:00,0.0,0.0,0.0,0.0
2021-06-10 04:00:00,0.0,0.0,0.0,0.0
2021-06-10 05:00:00,0.0,0.0,0.0,0.0
2021-06-10 06:00:00,0.0,0.0,0.0,0.0
2021-06-10 07:00:00,0.0,0.0,0.0,0.0
2021-06-10 08:00:00,0.0,0.0,0.0,0.0
2021-06-10 09:00:00,0.0,0.0,0.0,0.0
2021-06-10 10:00:00,0.0,0.0,0.0,0.0
2021-06-10 11:00:00,0.0,0.0,0.0,0.0
2021-06-10 12:00:00,0.0,0.0,0.0,0.0
2021-06-10 13:00:00,0.0,0.0,0.0,0.0
2021-06-10 14:00:00,0.0,0.0,0.0,0.0
2021-06-10 15:00:00,0.0,0.0,0.0,0.0
2021-06-10 16:00:00,0.0,0.0,0.0,0.0
2021-06-10 17:00:00,0.0,0.0,0.0,0.0
2021-06-10 18:00:00,0.0,0.0,0.0,0.0
2021-06-10 19:00:00,0.0,0.0,0.0,0.0
2021-06-10 20:00:00,0.0,0.0,0.0,0.0
2021-06-10 21:00:00,0.0,0.0,0.0,0.0
2021-06-10 22:00:00,0.0,0.0,0.0,0.0
2021-06-10 23:00:00,0.0,0.0,0.0,0.0
2021-06-10 24:00:00,0.0,0.0,0.0,0.0
2021-06-11 01:00:00,0.0,0.0,0.0,0.0
2021-06-11 02:00:00,0.0,0.0,0.0,0.0
2021-06-11 03:00:00,0.0,0.0,0.0,0.0
2021-06-11 04:00:00,0.0,0.0,0.0,0.0
2021-06-11 05:00:00,0.0,0.0,0.0,0.0
2021-06-11 06:00:00,0.0,0.0,0.0,0.0
2021-06-11 07:00:00,0.0,0.0,0.0,0.0
2021-06-11 08:00:00,0.0,0.0,0.0,0.0
2021-06-11 09:00:00,0.0,0.0,0.0,0.0
2021-06-11 10:00:00,0.0,0.0,0.0,0.0
2021-06-11 11:00:00,0.0,0.0,0.0,0.0
2021-06-11 12:00:00,0.0,0.0,0.0,0.0
2021-06-11 13:00:00,0.0,0.0,0.0,0.0
2021-06-11 14:00:00,0.0,0.0,0.0,0.0
2021-06-11 15:00:00,0.0,0.0,0.0,0.0
2021-06-11 16:00:00,0.0,0.0,0.0,0.0
2021-06-11 17:00:00,0.0,0.0,0.0,0.0
2021-06-11 18:00:00,0.0,0.0,0.0,0.0
2021-06-11 19:00:00,0.0,0.0,0.0,0.0
2021-06-11 20:00:00,0.0,0.0,0.0,0.0
2021-06-11 21:00:00,0.0,0.0,0.0,0.0
2021-06-11 22:00:00,0.0,0.0,0.0,0.0
2021-06-11 23:00:00,0.0,0.0,0.0,0.0
2021-06-11 24:00:00,0.0,0.0,0.0,0.0
2021-06-12 01:00:00,0.0,0.0,0.0,0.0
2021-06-12 02:00:00,0.0,0.0,0.0,0.0
2021-06-12 03:00:00,0.0,0.0,0.0,0.0
2021-06-12 04:00:00,0.0,0.0,0.0,0.0
2021-06-12 05:00:00,0.0,0.0,0.0,0.0
2021-06-12 06:00:00,0.0,0.0,0.0,0.0
2021-06-12 07:00:00,0.0,0.0,0.0,0.0
2021-06-12 08:00:00,0.0,0.0,0.0,0.0
2021-06-12 09:00:00,0.0,0.0,0.0,0.0
2021-06-12 10:00:00,0.0,0.0,0.0,0.0
2021-06-12 11:00:00,0.0,0.0,0.0,0.0
2021-06-12 12:00:00,0.0,0.0,0.0,0.0
2021-06-12 13:00:00,0.0,0.0,0.0,0.0
2021-06-12 14:00:00,0.0,0.0,0.0,0.0
2021-06-12 15:00:00,0.0,0.0,0.0,0.0
2021-06-12 16:00:00,0.0,0.0,0.0,0.0
2021-06-12 17:00:00,0.0,0.0,0.0,0.0
2021-06-12 18:00:00,0.0,0.0,0.0,0.0
2021-06-12 19:00:00,0.0,0.0,0.0,0.0
2021-06-12 20:00:00,0.0,0.0,0.0,0.0
2021-06-12 21:00:00,0.0,0.0,0.0,0.0
2021-06-12 22:00:00,0.0,0.0,0.0,0.0
2021-06-12 23:00:00,0.0,0.0,0.0,0.0
2021-06-12 24:00:00,0.0,0.0,0.0,0.0
2021-06-13 01:00:00,0.0,0.0,0.0,0.0
2021-06-13 02:00:00,0.0,0.0,0.0,0.0
2021-06-13 03:00:00,0.0,0.0,0.0,0.0
2021-06-13 04:00:00,0.0,0.0,0.0,0.0
2021-06-13 05:00:00,0.0,0.0,0.0,0.0
2021-06-13 06:00:00,0.0,0.0,0.0,0.0
2021-06-13 07:00:00,0.0,0.0,0.0,0.0
2021-06-13 08:00:00,0.0,0.0,0.0,0.0
2021-06-13 09:00:00,0.0,0.0,0.0,0.0
2021-06-13 10:00:00,0.0,0.0,0.0,0.0
2021-06-13 11:00:00,0.0,0.0,0.0,0.0
2021-06-13 12:00:00,0.0,0.0,0.0,0.0
2021-06-13 13:00:00,0.0,0.0,0.0,0.0
2021-06-13 14:00:00,0.0,0.0,0.0,0.0
2021-06-13 15:00:00,0.0,0.0,0.0,0.0
2021-06-13 16:00:00,0.0,0.0,0.0,0.0
2021-06-13 17:00:00,0.0,0.0,0.0,0.0
2021-06-13 18:00:00,0.0,0.0,0.0,0.0
2021-06-13 19:00:00,0.0,0.0,0.0,0.0
2021-06-13 20:00:00,0.0,0.0,0.0,0.0
2021-06-13 21:00:00,0.0,0.0,0.0,0.0
2021-06-13 22:00:00,0.0,0.0,0.0,0.0
2021-06-13 23:00:00,0.0,0.0,0.0,0.0
2021-06-13 24:00:00,0.0,0.0,0.0,0.0
2021-06-14 01:00:00,0.0,0.0,0.0,0.0
2021-06-14 02:00:00,0.0,0.0,0.0,0.0
2021-06-14 03:00:00,0.0,0.0,0.0,0.0
2021-06-14 04:00:00,0.0,0.0,0.0,0.0
2021-06-14 05:00:00,0.0,0.0,0.0,0.0
2021-06-14 06:00:00,0.0,0.0,0.0,0.0
2021-06-14 07:00:00,0.0,0.0,0.0,0.0
2021-06-14 08:00:00,0.0,0.0,0.0,0.0
2021-06-14 09:00:00,0.0,0.0,0.0,0.0
2021-06-14 10:00:00,0.0,0.0,0.0,0.0
2021-06-14 11:00:00,0.0,0.0,0.0,0.0
2021-06-14 12:00:00,0.0,0.0,0.0,0.0
2021-06-14 13:00:00,0.0,0.0,0.0,0.0
2021-06-14 14:00:00,0.0,0.0,0.0,0.0
2021-06-14 15:00:00,0.0,0.0,0.0,0.0
2021-06-14 16:00:00,0.0,0.0,0.0,0.0
2021-06-14 17:00:00,0.0,0.0,0.0,0.0
2021-06-14 18:00:00,0.0,0.0,0.0,0.0
2021-06-14 19:00:00,0.0,0.0,0.0,0.0
2021-06-14 20:00:00,0.0,0.0,0.0,0.0
2021-06-14 21:00:00,0.0,0.0,0.0,0.0
2021-06-14 22:00:00,0.0,0.0,0.0,0.0
2021-06-14 23:00:00,0.0,0.0,0.0,0.0
2021-06-14 24:00:00,0.0,0.0,0.0,0.0
2021-06-15 01:00:00,0.0,0.0,0.0,0.0
2021-06-15 02:00:00,0.0,0.0,0.0,0.0
2021-06-15 03:00:00,0.0,0.0,0.0,0.0
2021-06-15 04:00:00,0.0,0.0,0.0,0.0
2021-06-15 05:00:00,0.0,0.0,0.0,0.0
2021-06-15 06:00:00,0.0,0.0,0.0,0.0
2021-06-15 07:00:00,0.0,0.0,0.0,0.0
2021-06-15 08:00:00,0.0,0.0,0.0,0.0
2021-06-15 09:00:00,0.0,0.0,0.0,0.0
2021-06-15 10:00:00,0.0,0.0,0.0,0.0
2021-06-15 11:00:00,0.0,0.0,0.0,0.0
2021-06-15 12:00:00,0.0,0.0,0.0,0.0
2021-06-15 13:00:00,0.0,0.0,0.0,0.0
2021-06-15 14:00:00,0.0,0.0,0.0,0.0
2021-06-15 15:00:00,0.0,0.0,0.0,0.0
2021-06-15 16:00:00,0.0,0.0,0.0,0.0
2021-06-15 17:00:00,0.0,0.0,0.0,0.0
2021-06-15 18:00:00,0.0,0.0,0.0,0.0
2021-06-15 19:00:00,0.0,0.0,0.0,0.0
2021-06-15 20:00:00,0.0,0.0,0.0,0.0
2021-06-15 21:00:00,0.0,0.0,0.0,0.0
2021-06-15 22:00:00,0.0,0.0,0.0,0.0
2021-06-15 23:00:00,0.0,0.0,0.0,0.0
2021-06-15 24:00:00,0.0,0.0,0.0,0.0
2021-06-16 01:00:00,0.0,0.0,0.0,0.0
2021-06-16 02:00:00,0.0,0.0,0.0,0.0
2021-06-16 03:00:00,0.0,0.0,0.0,0.0
2021-06-16 04:00:00,0.0,0.0,0.0,0.0
2021-06-16 05:00:00,0.0,0.0,0.0,0.0
2021-06-16 06:00:00,0.0,0.0,0.0,0.0
2021-06-16 07:00:00,0.0,0.0,0.0,0.0
2021-06-16 08:00:00,0.0,0.0,0.0,0.0
2021-06-16 09:00:00,0.0,0.0,0.0,0.0
2021-06-16 10:00:00,0.0,0.0,0.0,0.0
2021-06-16 11:00:00,0.0,0.0,0.0,0.0
2021-06-16 12:00:00,0.0,0.0,0.0,0.0
2021-06-16 13:00:00,0.0,0.0,0.0,0.0
2021-06-16 14:00:00,0.0,0.0,0.0,0.0
2021-06-16 15:00:00,0.0,0.0,0.0,0.0
2021-06-16 16:00:00,0.0,0.0,0.0,0.0
2021-06-16 17:00:00,0.0,0.0,0.0,0.0
2021-06-16 18:00:00,0.0,0.0,0.0,0.0
2021-06-16 19:00:00,0.0,0.0,0.0,0.0
2021-06-16 20:00:00,0.0,0.0,0.0,0.0
2021-06-16 21:00:00,0.0,0.0,0.0,0.0
2021-06-16 22:00:00,0.0,0.0,0.0,0.0
2021-06-16 23:00:00,0.0,0.0,0.0,0.0
2021-06-16 24:00:00,0.0,0.0,0.0,0.0
2021-06-17 01:00:00,0.0,0.0,0.0,0.0
2021-06-17 02:00:00,0.0,0.0,0.0,0.0
2021-06-17 03:00:00,0.0,0.0,0.0,0.0
2021-06-17 04:00:00,0.0,0.0,0.0,0.0
2021-06-17 05:00:00,0.0,0.0,0.0,0.0
2021-06-17 06:00:00,0.0,0.0,0.0,0.0
2021-06-17 07:00:00,0.0,0.0,0.0,0.0
2021-06-17 08:00:00,0.0,0.0,0.0,0.0
2021-06-17 09:00:00,0.0,0.0,0.0,0.0
2021-06-17 10:00:00,0.0,0.0,0.0,0.0
2021-06-17 11:00:00,0.0,0.0,0.0,0.0
2021-06-17 12:00:00,0.0,0.0,0.0,0.0
2021-06-17 13:00:00,0.0,0.0,0.0,0.0
2021-06-17 14:00:00,0.0,0.0,0.0,0.0
2021-06-17 15:00:00,0.0,0.0,0.0,0.0
2021-06-17 16:00:00,0.0,0.0,0.0,0.0
2021-06-17 17:00:00,0.0,0.0,0.0,0.0
2021-06-17 18:00:00,0.0,0.0,0.0,0.0
2021-06-17 19:00:00,0.0,0.0,0.0,0.0
2021-06-17 20:00:00,0.0,0.0,0.0,0.0
2021-06-17 21:00:00,0.0,0.0,0.0,0.0
2021-06-17 22:00:00,0.0,0.0,0.0,0.0
2021-06-17 23:00:00,0.0,0.0,0.0,0.0
2021-06-17 24:00:00,0.0,0.0,0.0,0.0
2021-06-18 01:00:00,0.0,0.0,0.0,0.0
2021-06-18 02:00:00,0.0,0.0,0.0,0.0
2021-06-18 03:00:00,0.0,0.0,0.0,0.0
2021-06-18 04:00:00,0.0,0.0,0.0,0.0
2021-06-18 05:00:00,0.0,0.0,0.0,0.0
2021-06-18 06:00:00,0.0,0.0,0.0,0.0
2021-06-18 07:00:00,0.0,0.0,0.0,0.0
2021-06-18 08:00:00,0.0,0.0,0.0,0.0
2021-06-18 09:00:00,0.0,0.0,0.0,0.0
2021-06-18 10:00:00,0.0,0.0,0.0,0.0
2021-06-18 11:00:00,0.0,0.0,0.0,0.0
2021-06-18 12:00:00,0.0,0.0,0.0,0.0
2021-06-18 13:00:00,0.0,0.0,0.0,0.0
2021-06-18 14:00:00,0.0,0.0,0.0,0.0
2021-06-18 15:00:00,0.0,0.0,0.0,0.0
2021-06-18 16:00:00,0.0,0.0,0.0,0.0
2021-06-18 17:00:00,0.0,0.0,0.0,0.0
2021-06-18 18:00:00,0.0,0.0,0.0,0.0
2021-06-18 19:00:00,0.0,0.0,0.0,0.0
2021-06-18 20:00:00,0.0,0.0,0.0,0.0
2021-06-18 21:00:00,0.0,0.0,0.0,0.0
2021-06-18 22:00:00,0.0,0.0,0.0,0.0
2021-06-18 23:00:00,0.0,0.0,0.0,0.0
2021-06-18 24:00:00,0.0,0.0,0.0,0.0
2021-06-19 01:00:00,0.0,0.0,0.0,0.0
2021-06-19 02:00:00,0.0,0.0,0.0,0.0
2021-06-19 03:00:00,0.0,0.0,0.0,0.0
2021-06-19 04:00:00,0.0,0.0,0.0,0.0
2021-06-19 05:00:00,0.0,0.0,0.0,0.0
2021-06-19 06:00:00,0.0,0.0,0.0,0.0
2021-06-19 07:00:00,0.0,0.0,0.0,0.0
2021-06-19 08:00:00,0.0,0.0,0.0,0.0
2021-06-19 09:00:00,0.0,0.0,0.0,0.0
2021-06-19 10:00:00,0.0,0.0,0.0,0.0
2021-06-19 11:00:00,0.0,0.0,0.0,0.0
2021-06-19 12:00:00,0.0,0.0,0.0,0.0
2021-06-19 13:00:00,0.0,0.0,0.0,0.0
2021-06-19 14:00:00,0.0,0.0,0.0,0.0
2021-06-19 15:00:00,0.0,0.0,0.0,0.0
2021-06-19 16:00:00,0.0,0.0,0.0,0.0
2021-06-19 17:00:00,0.0,0.0,0.0,0.0
2021-06-19 18:00:00,0.0,0.0,0.0,0.0
2021-06-19 19:00:00,0.0,0.0,0.0,0.0
2021-06-19 20:00:00,0.0,0.0,0.0,0.0
2021-06-19 21:00:00,0.0,0.0,0.0,0.0
2021-06-19 22:00:00,0.0,0.0,0.0,0.0
2021-06-19 23:00:00,0.0,0.0,0.0,0.0
2021-06-19 24:00:00,0.0,0.0,0.0,0.0
2021-06-20 01:00:00,0.0,0.0,0.0,0.0
2021-06-20 02:00:00,0.0,0.0,0.0,0.0
2021-06-20 03:00:00,0.0,0.0,0.0,0.0
2021-06-20 04:00:00,0.0,0.0,0.0,0.0
2021-06-20 05:00:00,0.0,0.0,0.0,0.0
2021-06-20 06:00:00,0.0,0.0,0.0,0.0
2021-06-20 07:00:00,0.0,0.0,0.0,0.0
2021-06-20 08:00:00,0.0,0.0,0.0,0.0
2021-06-20 09:00:00,0.0,0.0,0.0,0.0
2021-06-20 10:00:00,0.0,0.0,0.0,0.0
2021-06-20 11:00:00,0.0,0.0,0.0,0.0
2021-06-20 12:00:00,0.0,0.0,0.0,0.0
2021-06-20 13:00:00,0.0,0.0,0.0,0.0
2021-06-20 14:00:00,0.0,0.0,0.0,0.0
2021-06-20 15:00:00,0.0,0.0,0.0,0.0
2021-06-20 16:00:00,0.0,0.0,0.0,0.0
2021-06-20 17:00:00,0.0,0.0,0.0,0.0
2021-06-20 18:00:00,0.0,0.0,0.0,0.0
2021-06-20 19:00:00,0.0,0.0,0.0,0.0
2021-06-20 20:00:00,0.0,0.0,0.0,0.0
2021-06-20 21:00:00,0.0,0.0,0.0,0.0
2021-06-20 22:00:00,0.0,0.0,0.0,0.0
2021-06-20 23:00:00,0.0,0.0,0.0,0.0
2021-06-20 24:00:00,0.0,0.0,0.0,0.0
2021-06-21 01:00:00,0.0,0.0,0.0,0.0
2021-06-21 02:00:00,0.0,0.0,0.0,0.0
2021-06-21 03:00:00,0.0,0.0,0.0,0.0
2021-06-21 04:00:00,0.0,0.0,0.0,0.0
2021-06-21 05:00:00,0.0,0.0,0.0,0.0
2021-06-21 06:00:00,0.0,0.0,0.0,0.0
2021-06-21 07:00:00,0.0,0.0,0.0,0.0
2021-06-21 08:00:00,0.0,0.0,0.0,0.0
2021-06-21 09:00:00,0.0,0.0,0.0,0.0
2021-06-21 10:00:00,0.0,0.0,0.0,0.0
2021-06-21 11:00:00,0.0,0.0,0.0,0.0
2021-06-21 12:00:00,0.0,0.0,0.0,0.0
2021-06-21 13:00:00,0.0,0.0,0.0,0.0
2021-06-21 14:00:00,0.0,0.0,0.0,0.0
2021-06-21 15:00:00,0.0,0.0,0.0,0.0
2021-06-21 16:00:00,0.0,0.0,0.0,0.0
2021-06-21 17:00:00,0.0,0.0,0.0,0.0
2021-06-21 18:00:00,0.0,0.0,0.0,0.0
2021-06-21 19:00:00,0.0,0.0,0.0,0.0
2021-06-21 20:00:00,0.0,0.0,0.0,0.0
2021-06-21 21:00:00,0.0,0.0,0.0,0.0
2021-06-21 22:00:00,0.0,0.0,0.0,0.0
2021-06-21 23:00:00,0.0,0.0,0.0,0.0
2021-06-21 24:00:00,0.0,0.0,0.0,0.0
2021-06-22 01:00:00,0.0,0.0,0.0,0.0
2021-06-22 02:00:00,0.0,0.0,0.0,0.0
2021-06-22 03:00:00,0.0,0.0,0.0,0.0
2021-06-22 04:00:00,0.0,0.0,0.0,0.0
2021-06-22 05:00:00,0.0,0.0,0.0,0.0
2021-06-22 06:00:00,0.0,0.0,0.0,0.0
2021-06-22 07:00:00,0.0,0.0,0.0,0.0
2021-06-22 08:00:00,0.0,0.0,0.0,0.0
2021-06-22 09:00:00,0.0,0.0,0.0,0.0
2021-06-22 10:00:00,0.0,0.0,0.0,0.0
2021-06-22 11:00:00,0.0,0.0,0.0,0.0
2021-06-22 12:00:00,0.0,0.0,0.0,0.0
2021-06-22 13:00:00,0.0,0.0,0.0,0.0
2021-06-22 14:00:00,0.0,0.0,0.0,0.0
2021-06-22 15:00:00,0.0,0.0,0.0,0.0
2021-06-22 16:00:00,0.0,0.0,0.0,0.0
2021-06-22 17:00:00,0.0,0.0,0.0,0.0
2021-06-22 18:00:00,0.0,0.0,0.0,0.0
2021-06-22 19:00:00,0.0,0.0,0.0,0.0
2021-06-22 20:00:00,0.0,0.0,0.0,0.0
2021-06-22 21:00:00,0.0,0.0,0.0,0.0
2021-06-22 22:00:00,0.0,0.0,0.0,0.0
2021-06-22 23:00:00,0.0,0.0,0.0,0.0
2021-06-22 24:00:00,0.0,0.0,0.0,0.0
2021-06-23 01:00:00,0.0,0.0,0.0,0.0
2021-06-23 02:00:00,0.0,0.0,0.0,0.0
2021-06-23 03:00:00,0.0,0.0,0.0,0.0
2021-06-23 04:00:00,0.0,0.0,0.0,0.0
2021-06-23 05:00:00,0.0,0.0,0.0,0.0
2021-06-23 06:00:00,0.0,0.0,0.0,0.0
2021-06-23 07:00:00,0.0,0.0,0.0,0.0
2021-06-23 08:00:00,0.0,0.0,0.0,0.0
2021-06-23 09:00:00,0.0,0.0,0.0,0.0
2021-06-23 10:00:00,0.0,0.0,0.0,0.0
2021-06-23 11:00:00,0.0,0.0,0.0,0.0
2021-06-23 12:00:00,0.0,0.0,0.0,0.0
2021-06-23 13:00:00,0.0,0.0,0.0,0.0
2021-06-23 14:00:00,0.0,0.0,0.0,0.0
2021-06-23 15:00:00,0.0,0.0,0.0,0.0
2021-06-23 16:00:00,0.0,0.0,0.0,0.0
2021-06-23 17:00:00,0.0,0.0,0.0,0.0
2021-06-23 18:00:00,0.0,0.0,0.0,0.0
2021-06-23 19:00:00,0.0,0.0,0.0,0.0
2021-06-23 20:00:00,0.0,0.0,0.0,0.0
2021-06-23 21:00:00,0.0,0.0,0.0,0.0
2021-06-23 22:00:00,0.0,0.0,0.0,0.0
2021-06-23 23:00:00,0.0,0.0,0.0,0.0
2021-06-23 24:00:00,0.0,0.0,0.0,0.0
2021-06-24 01:00:00,0.0,0.0,0.0,0.0
2021-06-24 02:00:00,0.0,0.0,0.0,0.0
2021-06-24 03:00:00,0.0,0.0,0.0,0.0
2021-06-24 04:00:00,0.0,0.0,0.0,0.0
2021-06-24 05:00:00,0.0,0.0,0.0,0.0
2021-06-24 06:00:00,0.0,0.0,0.0,0.0
2021-06-24 07:00:00,0.0,0.0,0.0,0.0
2021-06-24 08:00:00,0.0,0.0,0.0,0.0
2021-06-24 09:00:00,0.0,0.0,0.0,0.0
2021-06-24 10:00:00,0.0,0.0,0.0,0.0
2021-06-24 11:00:00,0.0,0.0,0.0,0.0
2021-06-24 12:00:00,0.0,0.0,0.0,0.0
2021-06-24 13:00:00,0.0,0.0,0.0,0.0
2021-06-24 14:00:00,0.0,0.0,0.0,0.0
2021-06-24 15:00:00,0.0,0.0,0.0,0.0
2021-06-24 16:00:00,0.0,0.0,0.0,0.0
2021-06-24 17:00:00,0.0,0.0,0.0,0.0
2021-06-24 18:00:00,0.0,0.0,0.0,0.0
2021-06-24 19:00:00,0.0,0.0,0.0,0.0
2021-06-24 20:00:00,0.0,0.0,0.0,0.0
2021-06-24 21:00:00,0.0,0.0,0.0,0.0
2021-06-24 22:00:00,0.0,0.0,0.0,0.0
2021-06-24 23:00:00,0.0,0.0,0.0,0.0
2021-06-24 24:00:00,0.0,0.0,0.0,0.0
2021-06-25 01:00:00,0.0,0.0,0.0,0.0
2021-06-25 02:00:00,0.0,0.0,0.0,0.0
2021-06-25 03:00:00,0.0,0.0,0.0,0.0
2021-06-25 04:00:00,0.0,0.0,0.0,0.0
2021-06-25 05:00:00,0.0,0.0,0.0,0.0
2021-06-25 06:00:00,0.0,0.0,0.0,0.0
2021-06-25 07:00:00,0.0,0.0,0.0,0.0
2021-06-25 08:00:00,0.0,0.0,0.0,0.0
2021-06-25 09:00:00,0.0,0.0,0.0,0.0
2021-06-25 10:00:00,0.0,0.0,0.0,0.0
2021-06-25 11:00:00,0.0,0.0,0.0,0.0
2021-06-25 12:00:00,0.0,0.0,0.0,0.0
2021-06-25 13:00:00,0.0,0.0,0.0,0.0
2021-06-25 14:00:00,0.0,0.0,0.0,0.0
2021-06-25 15:00:00,0.0,0.0,0.0,0.0
2021-06-25 16:00:00,0.0,0.0,0.0,0.0
2021-06-25 17:00:00,0.0,0.0,0.0,0.0
2021-06-25 18:00:00,0.0,0.0,0.0,0.0
2021-06-25 19:00:00,0.0,0.0,0.0,0.0
2021-06-25 20:00:00,0.0,0.0,0.0,0.0
2021-06-25 21:00:00,0.0,0.0,0.0,0.0
2021-06-25 22:00:00,0.0,0.0,0.0,0.0
2021-06-25 23:00:00,0.0,0.0,0.0,0.0
2021-06-25 24:00:00,0.0,0.0,0.0,0.0
2021-06-26 01:00:00,0.0,0.0,0.0,0.0
2021-06-26 02:00:00,0.0,0.0,0.0,0.0
2021-06-26 03:00:00,0.0,0.0,0.0,0.0
2021-06-26 04:00:00,0.0,0.0,0.0,0.0
2021-06-26 05:00:00,0.0,0.0,0.0,0.0
2021-06-26 06:00:00,0.0,0.0,0.0,0.0
2021-06-26 07:00:00,0.0,0.0,0.0,0.0
2021-06-26 08:00:00,0.0,0.0,0.0,0.0
2021-06-26 09:00:00,0.0,0.0,0.0,0.0
2021-06-26 10:00:00,0.0,0.0,0.0,0.0
2021-06-26 11:00:00,0.0,0.0,0.0,0.0
2021-06-26 12:00:00,0.0,0.0,0.0,0.0
2021-06-26 13:00:00,0.0,0.0,0.0,0.0
2021-06-26 14:00:00,0.0,0.0,0.0,0.0
2021-06-26 15:00:00,0.0,0.0,0.0,0.0
2021-06-26 16:00:00,0.0,0.0,0.0,0.0
2021-06-26 17:00:00,0.0,0.0,0.0,0.0
2021-06-26 18:00:00,0.0,0.0,0.0,0.0
2021-06-26 19:00:00,0.0,0.0,0.0,0.0
2021-06-26 20:00:00,0.0,0.0,0.0,0.0
2021-06-26 21:00:00,0.0,0.0,0.0,0.0
2021-06-26 22:00:00,0.0,0.0,0.0,0.0
2021-06-26 23:00:00,0.0,0.0,0.0,0.0
2021-06-26 24:00:00,0.0,0.0,0.0,0.0
2021-06-27 01:00:00,0.0,0.0,0.0,0.0
2021-06-27 02:00:00,0.0,0.0,0.0,0.0
2021-06-27 03:00:00,0.0,0.0,0.0,0.0
2021-06-27 04:00:00,0.0,0.0,0.0,0.0
2021-06-27 05:00:00,0.0,0.0,0.0,0.0
2021-06-27 06:00:00,0.0,0.0,0.0,0.0
2021-06-27 07:00:00,0.0,0.0,0.0,0.0
2021-06-27 08:00:00,0.0,0.0,0.0,0.0
2021-06-27 09:00:00,0.0,0.0,0.0,0.0
2021-06-27 10:00:00,0.0,0.0,0.0,0.0
2021-06-27 11:00:00,0.0,0.0,0.0,0.0
2021-06-27 12:00:00,0.0,0.0,0.0,0.0
2021-06-27 13:00:00,0.0,0.0,0.0,0.0
2021-06-27 14:00:00,0.0,0.0,0.0,0.0
2021-06-27 15:00:00,0.0,0.0,0.0,0.0
2021-06-27 16:00:00,0.0,0.0,0.0,0.0
2021-06-27 17:00:00,0.0,0.0,0.0,0.0
2021-06-27 18:00:00,0.0,0.0,0.0,0.0
2021-06-27 19:00:00,0.0,0.0,0.0,0.0
2021-06-27 20:00:00,0.0,0.0,0.0,0.0
2021-06-27 21:00:00,0.0,0.0,0.0,0.0
2021-06-27 22:00:00,0.0,0.0,0.0,0.0
2021-06-27 23:00:00,0.0,0.0,0.0,0.0
2021-06-27 24:00:00,0.0,0.0,0.0,0.0
2021-06-28 01:00:00,0.0,0.0,0.0,0.0
2021-06-28 02:00:00,0.0,0.0,0.0,0.0
2021-06-28 03:00:00,0.0,0.0,0.0,0.0
2021-06-28 04:00:00,0.0,0.0,0.0,0.0
2021-06-28 05:00:00,0.0,0.0,0.0,0.0
2021-06-28 06:00:00,0.0,0.0,0.0,0.0
2021-06-28 07:00:00,0.0,0.0,0.0,0.0
2021-06-28 08:00:00,0.0,0.0,0.0,0.0
2021-06-28 09:00:00,0.0,0.0,0.0,0.0
2021-06-28 10:00:00,0.0,0.0,0.0,0.0
2021-06-28 11:00:00,0.0,0.0,0.0,0.0
2021-06-28 12:00:00,0.0,0.0,0.0,0.0
2021-06-28 13:00:00,0.0,0.0,0.0,0.0
2021-06-28 14:00:00,0.0,0.0,0.0,0.0
2021-06-28 15:00:00,0.0,0.0,0.0,0.0
2021-06-28 16:00:00,0.0,0.0,0.0,0.0
2021-06-28 17:00:00,0.0,0.0,0.0,0.0
2021-06-28 18:00:00,0.0,0.0,0.0,0.0
2021-06-28 19:00:00,0.0,0.0,0.0,0.0
2021-06-28 20:00:00,0.0,0.0,0.0,0.0
2021-06-28 21:00:00,0.0,0.0,0.0,0.0
2021-06-28 22:00:00,0.0,0.0,0.0,0.0
2021-06-28 23:00:00,0.0,0.0,0.0,0.0
2021-06-28 24:00:00,0.0,0.0,0.0,0.0
2021-06-29 01:00:00,0.0,0.0,0.0,0.0
2021-06-29 02:00:00,0.0,0.0,0.0,0.0
2021-06-29 03:00:00,0.0,0.0,0.0,0.0
2021-06-29 04:00:00,0.0,0.0,0.0,0.0
2021-06-29 05:00:00,0.0,0.0,0.0,0.0
2021-06-29 06:00:00,0.0,0.0,0.0,0.0
2021-06-29 07:00:00,0.0,0.0,0.0,0.0
2021-06-29 08:00:00,0.0,0.0,0.0,0.0
2021-06-29 09:00:00,0.0,0.0,0.0,0.0
2021-06-29 10:00:00,0.0,0.0,0.0,0.0
2021-06-29 11:00:00,0.0,0.0,0.0,0.0
2021-06-29 12:00:00,0.0,0.0,0.0,0.0
2021-06-29 13:00:00,0.0,0.0,0.0,0.0
2021-06-29 14:00:00,0.0,0.0,0.0,0.0
2021-06-29 15:00:00,0.0,0.0,0.0,0.0
2021-06-29 16:00:00,0.0,0.0,0.0,0.0
2021-06-29 17:00:00,0.0,0.0,0.0,0.0
2021-06-29 18:00:00,0.0,0.0,0.0,0.0
2021-06-29 19:00:00,0.0,0.0,0.0,0.0
2021-06-29 20:00:00,0.0,0.0,0.0,0.0
2021-06-29 21:00:00,0.0,0.0,0.0,0.0
2021-06-29 22:00:00,0.0,0.0,0.0,0.0
2021-06-29 23:00:00,0.0,0.0,0.0,0.0
2021-06-29 24:00:00,0.0,0.0,0.0,0.0
2021-06-30 01:00:00,0.0,0.0,0.0,0.0
2021-06-30 02:00:00,0.0,0.0,0.0,0.0
2021-06-30 03:00:00,0.0,0.0,0.0,0.0
2021-06-30 04:00:00,0.0,0.0,0.0,0.0
2021-06-30 05:00:00,0.0,0.0,0.0,0.0
2021-06-30 06:00:00,0.0,0.0,0.0,0.0
2021-06-30 07:00:00,0.0,0.0,0.0,0.0
2021-06-30 08:00:00,0.0,0.0,0.0,0.0
2021-06-30 09:00:00,0.0,0.0,0.0,0.0
2021-06-30 10:00:00,0.0,0.0,0.0,0.0
2021-06-30 11:00:00,0.0,0.0,0.0,0.0
2021-06-30 12:00:00,0.0,0.0,0.0,0.0
2021-06-30 13:00:00,0.0,0.0,0.0,0.0
2021-06-30 14:00:00,0.0,0.0,0.0,0.0
2021-06-30 15:00:00,0.0,0.0,0.0,0.0
2021-06-30 16:00:00,0.0,0.0,0.0,0.0
2021-06-30 17:00:00,0.0,0.0,0.0,0.0
2021-06-30 18:00:00,0.0,0.0,0.0,0.0
2021-06-30 19:00:00,0.0,0.0,0.0,0.0
2021-06-30 20:00:00,0.0,0.0,0.0,0.0
2021-06-30 21:00:00,0.0,0.0,0.0,0.0
2021-06-30 22:00:00,0.0,0.0,0.0,0.0
2021-06-30 23:00:00,0.0,0.0,0.0,0.0
2021-06-30 24:00:00,0.0,0.0,0.0,0.0
2021-07-01 01:00:00,0.0,0.0,0.0,0.0
2021-07-01 02:00:00,0.0,0.0,0.0,0.0
2021-07-01 03:00:00,0.0,0.0,0.0,0.0
2021-07-01 04:00:00,0.0,0.0,0.0,0.0
2021-07-01 05:00:00,0.0,0.0,0.0,0.0
2021-07-01 06:00:00,0.0,0.0,0.0,0.0
2021-07-01 07:00:00,0.0,0.0,0.0,0.0
2021-07-01 08:00:00,0.0,0.0,0.0,0.0
2021-07-01 09:00:00,0.0,0.0,0.0,0.0
2021-07-01 10:00:00,0.0,0.0,0.0,0.0
2021-07-01 11:00:00,0.0,0.0,0.0,0.0
2021-07-01 12:00:00,0.0,0.0,0.0,0.0
2021-07-01 13:00:00,0.0,0.0,0.0,0.0
2021-07-01 14:00:00,0.0,0.0,0.0,0.0
2021-07-01 15:00:00,0.0,0.0,0.0,0.0
2021-07-01 16:00:00,0.0,0.0,0.0,0.0
2021-07-01 17:00:00,0.0,0.0,0.0,0.0
2021-07-01 18:00:00,0.0,0.0,0.0,0.0
2021-07-01 19:00:00,0.0,0.0,0.0,0.0
2021-07-01 20:00:00,0.0,0.0,0.0,0.0
2021-07-01 21:00:00,0.0,0.0,0.0,0.0
2021-07-01 22:00:00,0.0,0.0,0.0,0.0
2021-07-01 23:00:00,0.0,0.0,0.0,0.0
2021-07-01 24:00:00,0.0,0.0,0.0,0.0
2021-07-02 01:00:00,0.0,0.0,0.0,0.0
2021-07-02 02:00:00,0.0,0.0,0.0,0.0
2021-07-02 03:00:00,0.0,0.0,0.0,0.0
2021-07-02 04:00:00,0.0,0.0,0.0,0.0
2021-07-02 05:00:00,0.0,0.0,0.0,0.0
2021-07-02 06:00:00,0.0,0.0,0.0,0.0
2021-07-02 07:00:00,0.0,0.0,0.0,0.0
2021-07-02 08:00:00,0.0,0.0,0.0,0.0
2021-07-02 09:00:00,0.0,0.0,0.0,0.0
2021-07-02 10:00:00,0.0,0.0,0.0,0.0
2021-07-02 11:00:00,0.0,0.0,0.0,0.0
2021-07-02 12:00:00,0.0,0.0,0.0,0.0
2021-07-02 13:00:00,0.0,0.0,0.0,0.0
2021-07-02 14:00:00,0.0,0.0,0.0,0.0
2021-07-02 15:00:00,0.0,0.0,0.0,0.0
2021-07-02 16:00:00,0.0,0.0,0.0,0.0
2021-07-02 17:00:00,0.0,0.0,0.0,0.0
2021-07-02 18:00:00,0.0,0.0,0.0,0.0
2021-07-02 19:00:00,0.0,0.0,0.0,0.0
2021-07-02 20:00:00,0.0,0.0,0.0,0.0
2021-07-02 21:00:00,0.0,0.0,0.0,0.0
2021-07-02 22:00:00,0.0,0.0,0.0,0.0
2021-07-02 23:00:00,0.0,0.0,0.0,0.0
2021-07-02 24:00:00,0.0,0.0,0.0,0.0
2021-07-03 01:00:00,0.0,0.0,0.0,0.0
2021-07-03 02:00:00,0.0,0.0,0.0,0.0
2021-07-03 03:00:00,0.0,0.0,0.0,0.0
2021-07-03 04:00:00,0.0,0.0,0.0,0.0
2021-07-03 05:00:00,0.0,0.0,0.0,0.0
2021-07-03 06:00:00,0.0,0.0,0.0,0.0
2021-07-03 07:00:00,0.0,0.0,0.0,0.0
2021-07-03 08:00:00,0.0,0.0,0.0,0.0
2021-07-03 09:00:00,0.0,0.0,0.0,0.0
2021-07-03 10:00:00,0.0,0.0,0.0,0.0
2021-07-03 11:00:00,0.0,0.0,0.0,0.0
2021-07-03 12:00:00,0.0,0.0,0.0,0.0
2021-07-03 13:00:00,0.0,0.0,0.0,0.0
2021-07-03 14:00:00,0.0,0.0,0.0,0.0
2021-07-03 15:00:00,0.0,0.0,0.0,0.0
2021-07-03 16:00:00,0.0,0.0,0.0,0.0
2021-07-03 17:00:00,0.0,0.0,0.0,0.0
2021-07-03 18:00:00,0.0,0.0,0.0,0.0
2021-07-03 19:00:00,0.0,0.0,0.0,0.0
2021-07-03 20:00:00,0.0,0.0,0.0,0.0
2021-07-03 21:00:00,0.0,0.0,0.0,0.0
2021-07-03 22:00:00,0.0,0.0,0.0,0.0
2021-07-03 23:00:00,0.0,0.0,0.0,0.0
2021-07-03 24:00:00,0.0,0.0,0.0,0.0
2021-07-04 01:00:00,0.0,0.0,0.0,0.0
2021-07-04 02:00:00,0.0,0.0,0.0,0.0
2021-07-04 03:00:00,0.0,0.0,0.0,0.0
2021-07-04 04:00:00,0.0,0.0,0.0,0.0
2021-07-04 05:00:00,0.0,0.0,0.0,0.0
2021-07-04 06:00:00,0.0,0.0,0.0,0.0
2021-07-04 07:00:00,0.0,0.0,0.0,0.0
2021-07-04 08:00:00,0.0,0.0,0.0,0.0
2021-07-04 09:00:00,0.0,0.0,0.0,0.0
2021-07-04 10:00:00,0.0,0.0,0.0,0.0
2021-07-04 11:00:00,0.0,0.0,0.0,0.0
2021-07-04 12:00:00,0.0,0.0,0.0,0.0
2021-07-04 13:00:00,0.0,0.0,0.0,0.0
2021-07-04 14:00:00,0.0,0.0,0.0,0.0
2021-07-04 15:00:00,0.0,0.0,0.0,0.0
2021-07-04 16:00:00,0.0,0.0,0.0,0.0
2021-07-04 17:00:00,0.0,0.0,0.0,0.0
2021-07-04 18:00:00,0.0,0.0,0.0,0.0
2021-07-04 19:00:00,0.0,0.0,0.0,0.0
2021-07-04 20:00:00,0.0,0.0,0.0,0.0
2021-07-04 21:00:00,0.0,0.0,0.0,0.0
2021-07-04 22:00:00,0.0,0.0,0.0,0.0
2021-07-04 23:00:00,0.0,0.0,0.0,0.0
2021-07-04 24:00:00,0.0,0.0,0.0,0.0
2021-07-05 01:00:00,0.0,0.0,0.0,0.0
2021-07-05 02:00:00,0.0,0.0,0.0,0.0
2021-07-05 03:00:00,0.0,0.0,0.0,0.0
2021-07-05 04:00:00,0.0,0.0,0.0,0.0
2021-07-05 05:00:00,0.0,0.0,0.0,0.0
2021-07-05 06:00:00,0.0,0.0,0.0,0.0
2021-07-05 07:00:00,0.0,0.0,0.0,0.0
2021-07-05 08:00:00,0.0,0.0,0.0,0.0
2021-07-05 09:00:00,0.0,0.0,0.0,0.0
2021-07-05 10:00:00,0.0,0.0,0.0,0.0
2021-07-05 11:00:00,0.0,0.0,0.0,0.0
2021-07-05 12:00:00,0.0,0.0,0.0,0.0
2021-07-05 13:00:00,0.0,0.0,0.0,0.0
2021-07-05 14:00:00,0.0,0.0,0.0,0.0
2021-07-05 15:00:00,0.0,0.0,0.0,0.0
2021-07-05 16:00:00,0.0,0.0,0.0,0.0
2021-07-05 17:00:00,0.0,0.0,0.0,0.0
2021-07-05 18:00:00,0.0,0.0,0.0,0.0
2021-07-05 19:00:00,0.0,0.0,0.0,0.0
2021-07-05 20:00:00,0.0,0.0,0.0,0.0
2021-07-05 21:00:00,0.0,0.0,0.0,0.0
2021-07-05 22:00:00,0.0,0.0,0.0,0.0
2021-07-05 23:00:00,0.0,0.0,0.0,0.0
2021-07-05 24:00:00,0.0,0.0,0.0,0.0
2021-07-06 01:00:00,0.0,0.0,0.0,0.0
2021-07-06 02:00:00,0.0,0.0,0.0,0.0
2021-07-06 03:00:00,0.0,0.0,0.0,0.0
2021-07-06 04:00:00,0.0,0.0,0.0,0.0
2021-07-06 05:00:00,0.0,0.0,0.0,0.0
2021-07-06 06:00:00,0.0,0.0,0.0,0.0
2021-07-06 07:00:00,0.0,0.0,0.0,0.0
2021-07-06 08:00:00,0.0,0.0,0.0,0.0
2021-07-06 09:00:00,0.0,0.0,0.0,0.0
2021-07-06 10:00:00,0.0,0.0,0.0,0.0
2021-07-06 11:00:00,0.0,0.0,0.0,0.0
2021-07-06 12:00:00,0.0,0.0,0.0,0.0
2021-07-06 13:00:00,0.0,0.0,0.0,0.0
2021-07-06 14:00:00,0.0,0.0,0.0,0.0
2021-07-06 15:00:00,0.0,0.0,0.0,0.0
2021-07-06 16:00:00,0.0,0.0,0.0,0.0
2021-07-06 17:00:00,0.0,0.0,0.0,0.0
2021-07-06 18:00:00,0.0,0.0,0.0,0.0
2021-07-06 19:00:00,0.0,0.0,0.0,0.0
2021-07-06 20:00:00,0.0,0.0,0.0,0.0
2021-07-06 21:00:00,0.0,0.0,0.0,0.0
2021-07-06 22:00:00,0.0,0.0,0.0,0.0
2021-07-06 23:00:00,0.0,0.0,0.0,0.0
2021-07-06 24:00:00,0.0,0.0,0.0,0.0
2021-07-07 01:00:00,0.0,0.0,0.0,0.0
2021-07-07 02:00:00,0.0,0.0,0.0,0.0
2021-07-07 03:00:00,0.0,0.0,0.0,0.0
2021-07-07 04:00:00,0.0,0.0,0.0,0.0
2021-07-07 05:00:00,0.0,0.0,0.0,0.0
2021-07-07 06:00:00,0.0,0.0,0.0,0.0
2021-07-07 07:00:00,0.0,0.0,0.0,0.0
2021-07-07 08:00:00,0.0,0.0,0.0,0.0
2021-07-07 09:00:00,0.0,0.0,0.0,0.0
2021-07-07 10:00:00,0.0,0.0,0.0,0.0
2021-07-07 11:00:00,0.0,0.0,0.0,0.0
2021-07-07 12:00:00,0.0,0.0,0.0,0.0
2021-07-07 13:00:00,0.0,0.0,0.0,0.0
2021-07-07 14:00:00,0.0,0.0,0.0,0.0
2021-07-07 15:00:00,0.0,0.0,0.0,0.0
2021-07-07 16:00:00,0.0,0.0,0.0,0.0
2021-07-07 17:00:00,0.0,0.0,0.0,0.0
2021-07-07 18:00:00,0.0,0.0,0.0,0.0
2021-07-07 19:00:00,0.0,0.0,0.0,0.0
2021-07-07 20:00:00,0.0,0.0,0.0,0.0
2021-07-07 21:00:00,0.0,0.0,0.0,0.0
2021-07-07 22:00:00,0.0,0.0,0.0,0.0
2021-07-07 23:00:00,0.0,0.0,0.0,0.0
2021-07-07 24:00:00,0.0,0.0,0.0,0.0
2021-07-08 01:00:00,0.0,0.0,0.0,0.0
2021-07-08 02:00:00,0.0,0.0,0.0,0.0
2021-07-08 03:00:00,0.0,0.0,0.0,0.0
2021-07-08 04:00:00,0.0,0.0,0.0,0.0
2021-07-08 05:00:00,0.0,0.0,0.0,0.0
2021-07-08 06:00:00,0.0,0.0,0.0,0.0
2021-07-08 07:00:00,0.0,0.0,0.0,0.0
2021-07-08 08:00:00,0.0,0.0,0.0,0.0
2021-07-08 09:00:00,0.0,0.0,0.0,0.0
2021-07-08 10:00:00,0.0,0.0,0.0,0.0
2021-07-08 11:00:00,0.0,0.0,0.0,0.0
2021-07-08 12:00:00,0.0,0.0,0.0,0.0
2021-07-08 13:00:00,0.0,0.0,0.0,0.0
2021-07-08 14:00:00,0.0,0.0,0.0,0.0
2021-07-08 15:00:00,0.0,0.0,0.0,0.0
2021-07-08 16:00:00,0.0,0.0,0.0,0.0
2021-07-08 17:00:00,0.0,0.0,0.0,0.0
2021-07-08 18:00:00,0.0,0.0,0.0,0.0
2021-07-08 19:00:00,0.0,0.0,0.0,0.0
2021-07-08 20:00:00,0.0,0.0,0.0,0.0
2021-07-08 21:00:00,0.0,0.0,0.0,0.0
2021-07-08 22:00:00,0.0,0.0,0.0,0.0
2021-07-08 23:00:00,0.0,0.0,0.0,0.0
2021-07-08 24:00:00,0.0,0.0,0.0,0.0
